Origin,Destination,,,,,,,,,
Abu Dhabi,Ahmedabad,,,,,,,,,
Abu Dhabi,Ahmedabad,,,,,,,,,
Abu Dhabi,Ahmedabad,,,,,,,,,
Abu Dhabi,Ahmedabad,,,,,,,,,
Abu Dhabi,Ahmedabad,,,,,,,,,
Abu Dhabi,Ahmedabad,,,,,,,,,
Abu Dhabi,Amritsar,,,,,,,,,
Abu Dhabi,Amritsar,,,,,,,,,
Abu Dhabi,Bagdogra,,,,,,,,,
Abu Dhabi,Bagdogra,,,,,,,,,
Abu Dhabi,Bangkok,,,,,,,,,
Abu Dhabi,Bengaluru,,,,,,,,,
Abu Dhabi,Chandigarh,,,,,,,,,
Abu Dhabi,Chandigarh,,,,,,,,,
Abu Dhabi,Chandigarh,,,,,,,,,
Abu Dhabi,Chandigarh,,,,,,,,,
Abu Dhabi,Chennai,,,,,,,,,
Abu Dhabi,Dehra Dun,,,,,,,,,
Abu Dhabi,Dehra Dun,,,,,,,,,
Abu Dhabi,Delhi,,,,,,,,,
Abu Dhabi,Delhi,,,,,,,,,
Abu Dhabi,Delhi,,,,,,,,,
Abu Dhabi,Delhi,,,,,,,,,
Abu Dhabi,Delhi,,,,,,,,,
Abu Dhabi,Goa,,,,,,,,,
Abu Dhabi,Goa,,,,,,,,,
Abu Dhabi,Goa,,,,,,,,,
Abu Dhabi,Goa,,,,,,,,,
Abu Dhabi,Goa,,,,,,,,,
Abu Dhabi,Goa,,,,,,,,,
Abu Dhabi,Goa-New Goa,,,,,,,,,
Abu Dhabi,Guwahati,,,,,,,,,
Abu Dhabi,Jaipur,,,,,,,,,
Abu Dhabi,Jammu,,,,,,,,,
Abu Dhabi,Jammu,,,,,,,,,
Abu Dhabi,Jammu,,,,,,,,,
Abu Dhabi,Jammu,,,,,,,,,
Abu Dhabi,Kannur,,,,,,,,,
Abu Dhabi,Kannur,,,,,,,,,
Abu Dhabi,Kochi,,,,,,,,,
Abu Dhabi,Kochi,,,,,,,,,
Abu Dhabi,Kochi,,,,,,,,,
Abu Dhabi,Kolkata,,,,,,,,,
Abu Dhabi,Kolkata,,,,,,,,,
Abu Dhabi,Leh,,,,,,,,,
Abu Dhabi,Leh,,,,,,,,,
Abu Dhabi,Leh,,,,,,,,,
Abu Dhabi,Leh,,,,,,,,,
Abu Dhabi,Leh,,,,,,,,,
Abu Dhabi,Leh,,,,,,,,,
Abu Dhabi,Lucknow,,,,,,,,,
Abu Dhabi,Lucknow,,,,,,,,,
Abu Dhabi,Lucknow,,,,,,,,,
Abu Dhabi,Male,,,,,,,,,
Abu Dhabi,Male,,,,,,,,,
Abu Dhabi,Mumbai,,,,,,,,,
Abu Dhabi,Mumbai,,,,,,,,,
Abu Dhabi,Mumbai,,,,,,,,,
Abu Dhabi,Mumbai,,,,,,,,,
Abu Dhabi,Mumbai,,,,,,,,,
Abu Dhabi,Mumbai,,,,,,,,,
Abu Dhabi,Nagpur,,,,,,,,,
Abu Dhabi,Patna,,,,,,,,,
Abu Dhabi,Patna,,,,,,,,,
Abu Dhabi,Pune,,,,,,,,,
Abu Dhabi,Ranchi,,,,,,,,,
Abu Dhabi,Ranchi,,,,,,,,,
Abu Dhabi,Ranchi,,,,,,,,,
Abu Dhabi,Srinagar,,,,,,,,,
Abu Dhabi,Srinagar,,,,,,,,,
Abu Dhabi,Srinagar,,,,,,,,,
Abu Dhabi,Srinagar,,,,,,,,,
Abu Dhabi,Srinagar,,,,,,,,,
Abu Dhabi,Srinagar,,,,,,,,,
Abu Dhabi,Srinagar,,,,,,,,,
Abu Dhabi,Srinagar,,,,,,,,,
Abu Dhabi,Srinagar,,,,,,,,,
Abu Dhabi,Varanasi,,,,,,,,,
Abu Dhabi,Varanasi,,,,,,,,,
Abu Dhabi,Varanasi,,,,,,,,,
Ahmedabad,Abu Dhabi,,,,,,,,,
Ahmedabad,Abu Dhabi,,,,,,,,,
Ahmedabad,Abu Dhabi,,,,,,,,,
Ahmedabad,Abu Dhabi,,,,,,,,,
Ahmedabad,Abu Dhabi,,,,,,,,,
Ahmedabad,Abu Dhabi,,,,,,,,,
Ahmedabad,Amritsar,,,,,,,,,
Ahmedabad,Amritsar,,,,,,,,,
Ahmedabad,Amritsar,,,,,,,,,
Ahmedabad,Amritsar,,,,,,,,,
Ahmedabad,Amritsar,,,,,,,,,
Ahmedabad,Amritsar,,,,,,,,,
Ahmedabad,Amritsar,,,,,,,,,
Ahmedabad,Amritsar,,,,,,,,,
Ahmedabad,Amritsar,,,,,,,,,
Ahmedabad,Amritsar,,,,,,,,,
Ahmedabad,Bagdogra,,,,,,,,,
Ahmedabad,Bagdogra,,,,,,,,,
Ahmedabad,Bagdogra,,,,,,,,,
Ahmedabad,Bagdogra,,,,,,,,,
Ahmedabad,Bagdogra,,,,,,,,,
Ahmedabad,Bagdogra,,,,,,,,,
Ahmedabad,Bangkok,,,,,,,,,
Ahmedabad,Bangkok,,,,,,,,,
Ahmedabad,Bangkok,,,,,,,,,
Ahmedabad,Bangkok,,,,,,,,,
Ahmedabad,Bangkok,,,,,,,,,
Ahmedabad,Bangkok,,,,,,,,,
Ahmedabad,Bangkok,,,,,,,,,
Ahmedabad,Bengaluru,,,,,,,,,
Ahmedabad,Bengaluru,,,,,,,,,
Ahmedabad,Bengaluru,,,,,,,,,
Ahmedabad,Bengaluru,,,,,,,,,
Ahmedabad,Bengaluru,,,,,,,,,
Ahmedabad,Bengaluru,,,,,,,,,
Ahmedabad,Bengaluru,,,,,,,,,
Ahmedabad,Bengaluru,,,,,,,,,
Ahmedabad,Bengaluru,,,,,,,,,
Ahmedabad,Bengaluru,,,,,,,,,
Ahmedabad,Bengaluru,,,,,,,,,
Ahmedabad,Bengaluru,,,,,,,,,
Ahmedabad,Bengaluru,,,,,,,,,
Ahmedabad,Bengaluru,,,,,,,,,
Ahmedabad,Bengaluru,,,,,,,,,
Ahmedabad,Bengaluru,,,,,,,,,
Ahmedabad,Bengaluru,,,,,,,,,
Ahmedabad,Bengaluru,,,,,,,,,
Ahmedabad,Bengaluru,,,,,,,,,
Ahmedabad,Bengaluru,,,,,,,,,
Ahmedabad,Chandigarh,,,,,,,,,
Ahmedabad,Chandigarh,,,,,,,,,
Ahmedabad,Chennai,,,,,,,,,
Ahmedabad,Chennai,,,,,,,,,
Ahmedabad,Chennai,,,,,,,,,
Ahmedabad,Chennai,,,,,,,,,
Ahmedabad,Chennai,,,,,,,,,
Ahmedabad,Chennai,,,,,,,,,
Ahmedabad,Chennai,,,,,,,,,
Ahmedabad,Dehra Dun,,,,,,,,,
Ahmedabad,Dehra Dun,,,,,,,,,
Ahmedabad,Dehra Dun,,,,,,,,,
Ahmedabad,Dehra Dun,,,,,,,,,
Ahmedabad,Dehra Dun,,,,,,,,,
Ahmedabad,Dehra Dun,,,,,,,,,
Ahmedabad,Delhi,,,,,,,,,
Ahmedabad,Delhi,,,,,,,,,
Ahmedabad,Delhi,,,,,,,,,
Ahmedabad,Delhi,,,,,,,,,
Ahmedabad,Delhi,,,,,,,,,
Ahmedabad,Delhi,,,,,,,,,
Ahmedabad,Goa,,,,,,,,,
Ahmedabad,Goa,,,,,,,,,
Ahmedabad,Goa,,,,,,,,,
Ahmedabad,Goa,,,,,,,,,
Ahmedabad,Goa,,,,,,,,,
Ahmedabad,Goa,,,,,,,,,
Ahmedabad,Goa,,,,,,,,,
Ahmedabad,Goa,,,,,,,,,
Ahmedabad,Goa,,,,,,,,,
Ahmedabad,Goa,,,,,,,,,
Ahmedabad,Goa,,,,,,,,,
Ahmedabad,Goa,,,,,,,,,
Ahmedabad,Goa,,,,,,,,,
Ahmedabad,Goa,,,,,,,,,
Ahmedabad,Goa,,,,,,,,,
Ahmedabad,Goa,,,,,,,,,
Ahmedabad,Goa,,,,,,,,,
Ahmedabad,Goa,,,,,,,,,
Ahmedabad,Goa,,,,,,,,,
Ahmedabad,Goa,,,,,,,,,
Ahmedabad,Goa,,,,,,,,,
Ahmedabad,Goa,,,,,,,,,
Ahmedabad,Goa,,,,,,,,,
Ahmedabad,Goa,,,,,,,,,
Ahmedabad,Goa,,,,,,,,,
Ahmedabad,Goa-New Goa,,,,,,,,,
Ahmedabad,Goa-New Goa,,,,,,,,,
Ahmedabad,Goa-New Goa,,,,,,,,,
Ahmedabad,Goa-New Goa,,,,,,,,,
Ahmedabad,Goa-New Goa,,,,,,,,,
Ahmedabad,Guwahati,,,,,,,,,
Ahmedabad,Guwahati,,,,,,,,,
Ahmedabad,Guwahati,,,,,,,,,
Ahmedabad,Hyderabad,,,,,,,,,
Ahmedabad,Hyderabad,,,,,,,,,
Ahmedabad,Jaipur,,,,,,,,,
Ahmedabad,Jaipur,,,,,,,,,
Ahmedabad,Jammu,,,,,,,,,
Ahmedabad,Jammu,,,,,,,,,
Ahmedabad,Jammu,,,,,,,,,
Ahmedabad,Jammu,,,,,,,,,
Ahmedabad,Kannur,,,,,,,,,
Ahmedabad,Kannur,,,,,,,,,
Ahmedabad,Kannur,,,,,,,,,
Ahmedabad,Kannur,,,,,,,,,
Ahmedabad,Kochi,,,,,,,,,
Ahmedabad,Kochi,,,,,,,,,
Ahmedabad,Kochi,,,,,,,,,
Ahmedabad,Kochi,,,,,,,,,
Ahmedabad,Kochi,,,,,,,,,
Ahmedabad,Kochi,,,,,,,,,
Ahmedabad,Kochi,,,,,,,,,
Ahmedabad,Kochi,,,,,,,,,
Ahmedabad,Kolkata,,,,,,,,,
Ahmedabad,Kolkata,,,,,,,,,
Ahmedabad,Kolkata,,,,,,,,,
Ahmedabad,Kolkata,,,,,,,,,
Ahmedabad,Kolkata,,,,,,,,,
Ahmedabad,Kolkata,,,,,,,,,
Ahmedabad,Kolkata,,,,,,,,,
Ahmedabad,Kolkata,,,,,,,,,
Ahmedabad,Kolkata,,,,,,,,,
Ahmedabad,Kuwait,,,,,,,,,
Ahmedabad,Kuwait,,,,,,,,,
Ahmedabad,Leh,,,,,,,,,
Ahmedabad,Leh,,,,,,,,,
Ahmedabad,Leh,,,,,,,,,
Ahmedabad,Leh,,,,,,,,,
Ahmedabad,Leh,,,,,,,,,
Ahmedabad,Leh,,,,,,,,,
Ahmedabad,Leh,,,,,,,,,
Ahmedabad,Leh,,,,,,,,,
Ahmedabad,Leh,,,,,,,,,
Ahmedabad,Leh,,,,,,,,,
Ahmedabad,Leh,,,,,,,,,
Ahmedabad,Leh,,,,,,,,,
Ahmedabad,Leh,,,,,,,,,
Ahmedabad,Leh,,,,,,,,,
Ahmedabad,Leh,,,,,,,,,
Ahmedabad,Lucknow,,,,,,,,,
Ahmedabad,Lucknow,,,,,,,,,
Ahmedabad,Lucknow,,,,,,,,,
Ahmedabad,Lucknow,,,,,,,,,
Ahmedabad,Lucknow,,,,,,,,,
Ahmedabad,Lucknow,,,,,,,,,
Ahmedabad,Lucknow,,,,,,,,,
Ahmedabad,Lucknow,,,,,,,,,
Ahmedabad,Lucknow,,,,,,,,,
Ahmedabad,Lucknow,,,,,,,,,
Ahmedabad,Lucknow,,,,,,,,,
Ahmedabad,Lucknow,,,,,,,,,
Ahmedabad,Lucknow,,,,,,,,,
Ahmedabad,Lucknow,,,,,,,,,
Ahmedabad,Lucknow,,,,,,,,,
Ahmedabad,Lucknow,,,,,,,,,
Ahmedabad,Male,,,,,,,,,
Ahmedabad,Male,,,,,,,,,
Ahmedabad,Male,,,,,,,,,
Ahmedabad,Male,,,,,,,,,
Ahmedabad,Male,,,,,,,,,
Ahmedabad,Male,,,,,,,,,
Ahmedabad,Male,,,,,,,,,
Ahmedabad,Male,,,,,,,,,
Ahmedabad,Mumbai,,,,,,,,,
Ahmedabad,Mumbai,,,,,,,,,
Ahmedabad,Mumbai,,,,,,,,,
Ahmedabad,Mumbai,,,,,,,,,
Ahmedabad,Mumbai,,,,,,,,,
Ahmedabad,Mumbai,,,,,,,,,
Ahmedabad,Mumbai,,,,,,,,,
Ahmedabad,Mumbai,,,,,,,,,
Ahmedabad,Mumbai,,,,,,,,,
Ahmedabad,Mumbai,,,,,,,,,
Ahmedabad,Mumbai,,,,,,,,,
Ahmedabad,Muscat,,,,,,,,,
Ahmedabad,Muscat,,,,,,,,,
Ahmedabad,Muscat,,,,,,,,,
Ahmedabad,Nagpur,,,,,,,,,
Ahmedabad,Nagpur,,,,,,,,,
Ahmedabad,Nagpur,,,,,,,,,
Ahmedabad,Nagpur,,,,,,,,,
Ahmedabad,Nagpur,,,,,,,,,
Ahmedabad,Nagpur,,,,,,,,,
Ahmedabad,Nagpur,,,,,,,,,
Ahmedabad,Nagpur,,,,,,,,,
Ahmedabad,Nagpur,,,,,,,,,
Ahmedabad,Nagpur,,,,,,,,,
Ahmedabad,Nagpur,,,,,,,,,
Ahmedabad,Patna,,,,,,,,,
Ahmedabad,Patna,,,,,,,,,
Ahmedabad,Patna,,,,,,,,,
Ahmedabad,Patna,,,,,,,,,
Ahmedabad,Patna,,,,,,,,,
Ahmedabad,Patna,,,,,,,,,
Ahmedabad,Patna,,,,,,,,,
Ahmedabad,Patna,,,,,,,,,
Ahmedabad,Phuket,,,,,,,,,
Ahmedabad,Phuket,,,,,,,,,
Ahmedabad,Phuket,,,,,,,,,
Ahmedabad,Phuket,,,,,,,,,
Ahmedabad,Phuket,,,,,,,,,
Ahmedabad,Phuket,,,,,,,,,
Ahmedabad,Phuket,,,,,,,,,
Ahmedabad,Phuket,,,,,,,,,
Ahmedabad,Port Blair,,,,,,,,,
Ahmedabad,Pune,,,,,,,,,
Ahmedabad,Ranchi,,,,,,,,,
Ahmedabad,Ranchi,,,,,,,,,
Ahmedabad,Ranchi,,,,,,,,,
Ahmedabad,Ranchi,,,,,,,,,
Ahmedabad,Ranchi,,,,,,,,,
Ahmedabad,Ranchi,,,,,,,,,
Ahmedabad,Ranchi,,,,,,,,,
Ahmedabad,Ranchi,,,,,,,,,
Ahmedabad,Ranchi,,,,,,,,,
Ahmedabad,Srinagar,,,,,,,,,
Ahmedabad,Srinagar,,,,,,,,,
Ahmedabad,Srinagar,,,,,,,,,
Ahmedabad,Srinagar,,,,,,,,,
Ahmedabad,Srinagar,,,,,,,,,
Ahmedabad,Srinagar,,,,,,,,,
Ahmedabad,Srinagar,,,,,,,,,
Ahmedabad,Srinagar,,,,,,,,,
Ahmedabad,Srinagar,,,,,,,,,
Ahmedabad,Srinagar,,,,,,,,,
Ahmedabad,Srinagar,,,,,,,,,
Ahmedabad,Srinagar,,,,,,,,,
Ahmedabad,Srinagar,,,,,,,,,
Ahmedabad,Srinagar,,,,,,,,,
Ahmedabad,Srinagar,,,,,,,,,
Ahmedabad,Srinagar,,,,,,,,,
Ahmedabad,Varanasi,,,,,,,,,
Amritsar,Abu Dhabi,,,,,,,,,
Amritsar,Abu Dhabi,,,,,,,,,
Amritsar,Ahmedabad,,,,,,,,,
Amritsar,Ahmedabad,,,,,,,,,
Amritsar,Ahmedabad,,,,,,,,,
Amritsar,Ahmedabad,,,,,,,,,
Amritsar,Ahmedabad,,,,,,,,,
Amritsar,Ahmedabad,,,,,,,,,
Amritsar,Ahmedabad,,,,,,,,,
Amritsar,Ahmedabad,,,,,,,,,
Amritsar,Bangkok,,,,,,,,,
Amritsar,Bangkok,,,,,,,,,
Amritsar,Bengaluru,,,,,,,,,
Amritsar,Bengaluru,,,,,,,,,
Amritsar,Bengaluru,,,,,,,,,
Amritsar,Bengaluru,,,,,,,,,
Amritsar,Bengaluru,,,,,,,,,
Amritsar,Bengaluru,,,,,,,,,
Amritsar,Bengaluru,,,,,,,,,
Amritsar,Chennai,,,,,,,,,
Amritsar,Chennai,,,,,,,,,
Amritsar,Chennai,,,,,,,,,
Amritsar,Chennai,,,,,,,,,
Amritsar,Dehra Dun,,,,,,,,,
Amritsar,Dehra Dun,,,,,,,,,
Amritsar,Goa,,,,,,,,,
Amritsar,Goa,,,,,,,,,
Amritsar,Goa,,,,,,,,,
Amritsar,Goa,,,,,,,,,
Amritsar,Goa,,,,,,,,,
Amritsar,Goa,,,,,,,,,
Amritsar,Goa,,,,,,,,,
Amritsar,Goa,,,,,,,,,
Amritsar,Goa,,,,,,,,,
Amritsar,Goa,,,,,,,,,
Amritsar,Goa,,,,,,,,,
Amritsar,Goa-New Goa,,,,,,,,,
Amritsar,Goa-New Goa,,,,,,,,,
Amritsar,Jammu,,,,,,,,,
Amritsar,Jammu,,,,,,,,,
Amritsar,Kannur,,,,,,,,,
Amritsar,Kannur,,,,,,,,,
Amritsar,Kochi,,,,,,,,,
Amritsar,Kochi,,,,,,,,,
Amritsar,Kochi,,,,,,,,,
Amritsar,Kochi,,,,,,,,,
Amritsar,Kolkata,,,,,,,,,
Amritsar,Kolkata,,,,,,,,,
Amritsar,Lucknow,,,,,,,,,
Amritsar,Lucknow,,,,,,,,,
Amritsar,Lucknow,,,,,,,,,
Amritsar,Lucknow,,,,,,,,,
Amritsar,Lucknow,,,,,,,,,
Amritsar,Lucknow,,,,,,,,,
Amritsar,Lucknow,,,,,,,,,
Amritsar,Male,,,,,,,,,
Amritsar,Male,,,,,,,,,
Amritsar,Mumbai,,,,,,,,,
Amritsar,Mumbai,,,,,,,,,
Amritsar,Mumbai,,,,,,,,,
Amritsar,Mumbai,,,,,,,,,
Amritsar,Muscat,,,,,,,,,
Amritsar,Muscat,,,,,,,,,
Amritsar,Nagpur,,,,,,,,,
Amritsar,Nagpur,,,,,,,,,
Amritsar,Nagpur,,,,,,,,,
Amritsar,Nagpur,,,,,,,,,
Amritsar,Nagpur,,,,,,,,,
Amritsar,Nagpur,,,,,,,,,
Amritsar,Patna,,,,,,,,,
Amritsar,Patna,,,,,,,,,
Amritsar,Phuket,,,,,,,,,
Amritsar,Phuket,,,,,,,,,
Amritsar,Ranchi,,,,,,,,,
Amritsar,Ranchi,,,,,,,,,
Amritsar,Varanasi,,,,,,,,,
Amritsar,Varanasi,,,,,,,,,
Amritsar,Varanasi,,,,,,,,,
Bagdogra,Ahmedabad,,,,,,,,,
Bagdogra,Ahmedabad,,,,,,,,,
Bagdogra,Ahmedabad,,,,,,,,,
Bagdogra,Bengaluru,,,,,,,,,
Bagdogra,Delhi,,,,,,,,,
Bagdogra,Delhi,,,,,,,,,
Bagdogra,Delhi,,,,,,,,,
Bagdogra,Delhi,,,,,,,,,
Bagdogra,Goa,,,,,,,,,
Bagdogra,Goa,,,,,,,,,
Bagdogra,Guwahati,,,,,,,,,
Bagdogra,Hyderabad,,,,,,,,,
Bagdogra,Hyderabad,,,,,,,,,
Bagdogra,Jaipur,,,,,,,,,
Bagdogra,Kolkata,,,,,,,,,
Bagdogra,Lucknow,,,,,,,,,
Bagdogra,Lucknow,,,,,,,,,
Bagdogra,Mumbai,,,,,,,,,
Bagdogra,Mumbai,,,,,,,,,
Bagdogra,Mumbai,,,,,,,,,
Bagdogra,Mumbai,,,,,,,,,
Bagdogra,Mumbai,,,,,,,,,
Bagdogra,Mumbai,,,,,,,,,
Bagdogra,Mumbai,,,,,,,,,
Bagdogra,Mumbai,,,,,,,,,
Bagdogra,Nagpur,,,,,,,,,
Bagdogra,Nagpur,,,,,,,,,
Bagdogra,Patna,,,,,,,,,
Bagdogra,Patna,,,,,,,,,
Bagdogra,Phuket,,,,,,,,,
Bagdogra,Phuket,,,,,,,,,
Bagdogra,Pune,,,,,,,,,
Bagdogra,Pune,,,,,,,,,
Bagdogra,Pune,,,,,,,,,
Bangkok,Abu Dhabi,,,,,,,,,
Bangkok,Ahmedabad,,,,,,,,,
Bangkok,Ahmedabad,,,,,,,,,
Bangkok,Ahmedabad,,,,,,,,,
Bangkok,Ahmedabad,,,,,,,,,
Bangkok,Ahmedabad,,,,,,,,,
Bangkok,Amritsar,,,,,,,,,
Bangkok,Bagdogra,,,,,,,,,
Bangkok,Bengaluru,,,,,,,,,
Bangkok,Bengaluru,,,,,,,,,
Bangkok,Bengaluru,,,,,,,,,
Bangkok,Bengaluru,,,,,,,,,
Bangkok,Bengaluru,,,,,,,,,
Bangkok,Chennai,,,,,,,,,
Bangkok,Chennai,,,,,,,,,
Bangkok,Delhi,,,,,,,,,
Bangkok,Delhi,,,,,,,,,
Bangkok,Delhi,,,,,,,,,
Bangkok,Delhi,,,,,,,,,
Bangkok,Delhi,,,,,,,,,
Bangkok,Delhi,,,,,,,,,
Bangkok,Delhi,,,,,,,,,
Bangkok,Goa,,,,,,,,,
Bangkok,Goa,,,,,,,,,
Bangkok,Goa,,,,,,,,,
Bangkok,Hyderabad,,,,,,,,,
Bangkok,Jaipur,,,,,,,,,
Bangkok,Jaipur,,,,,,,,,
Bangkok,Kolkata,,,,,,,,,
Bangkok,Leh,,,,,,,,,
Bangkok,Leh,,,,,,,,,
Bangkok,Lucknow,,,,,,,,,
Bangkok,Lucknow,,,,,,,,,
Bangkok,Mumbai,,,,,,,,,
Bangkok,Mumbai,,,,,,,,,
Bangkok,Mumbai,,,,,,,,,
Bangkok,Mumbai,,,,,,,,,
Bangkok,Mumbai,,,,,,,,,
Bangkok,Muscat,,,,,,,,,
Bangkok,Nagpur,,,,,,,,,
Bangkok,Pune,,,,,,,,,
Bangkok,Srinagar,,,,,,,,,
Bangkok,Srinagar,,,,,,,,,
Bangkok,Srinagar,,,,,,,,,
Bengaluru,Abu Dhabi,,,,,,,,,
Bengaluru,Abu Dhabi,,,,,,,,,
Bengaluru,Abu Dhabi,,,,,,,,,
Bengaluru,Abu Dhabi,,,,,,,,,
Bengaluru,Ahmedabad,,,,,,,,,
Bengaluru,Ahmedabad,,,,,,,,,
Bengaluru,Ahmedabad,,,,,,,,,
Bengaluru,Ahmedabad,,,,,,,,,
Bengaluru,Ahmedabad,,,,,,,,,
Bengaluru,Ahmedabad,,,,,,,,,
Bengaluru,Ahmedabad,,,,,,,,,
Bengaluru,Ahmedabad,,,,,,,,,
Bengaluru,Ahmedabad,,,,,,,,,
Bengaluru,Ahmedabad,,,,,,,,,
Bengaluru,Ahmedabad,,,,,,,,,
Bengaluru,Ahmedabad,,,,,,,,,
Bengaluru,Ahmedabad,,,,,,,,,
Bengaluru,Ahmedabad,,,,,,,,,
Bengaluru,Ahmedabad,,,,,,,,,
Bengaluru,Ahmedabad,,,,,,,,,
Bengaluru,Ahmedabad,,,,,,,,,
Bengaluru,Ahmedabad,,,,,,,,,
Bengaluru,Ahmedabad,,,,,,,,,
Bengaluru,Amritsar,,,,,,,,,
Bengaluru,Amritsar,,,,,,,,,
Bengaluru,Amritsar,,,,,,,,,
Bengaluru,Amritsar,,,,,,,,,
Bengaluru,Amritsar,,,,,,,,,
Bengaluru,Amritsar,,,,,,,,,
Bengaluru,Amritsar,,,,,,,,,
Bengaluru,Amritsar,,,,,,,,,
Bengaluru,Bagdogra,,,,,,,,,
Bengaluru,Bagdogra,,,,,,,,,
Bengaluru,Bangkok,,,,,,,,,
Bengaluru,Bangkok,,,,,,,,,
Bengaluru,Bangkok,,,,,,,,,
Bengaluru,Bangkok,,,,,,,,,
Bengaluru,Chandigarh,,,,,,,,,
Bengaluru,Chandigarh,,,,,,,,,
Bengaluru,Chandigarh,,,,,,,,,
Bengaluru,Chandigarh,,,,,,,,,
Bengaluru,Chandigarh,,,,,,,,,
Bengaluru,Chandigarh,,,,,,,,,
Bengaluru,Chandigarh,,,,,,,,,
Bengaluru,Chandigarh,,,,,,,,,
Bengaluru,Chennai,,,,,,,,,
Bengaluru,Chennai,,,,,,,,,
Bengaluru,Chennai,,,,,,,,,
Bengaluru,Chennai,,,,,,,,,
Bengaluru,Chennai,,,,,,,,,
Bengaluru,Dehra Dun,,,,,,,,,
Bengaluru,Dehra Dun,,,,,,,,,
Bengaluru,Dehra Dun,,,,,,,,,
Bengaluru,Dehra Dun,,,,,,,,,
Bengaluru,Delhi,,,,,,,,,
Bengaluru,Delhi,,,,,,,,,
Bengaluru,Delhi,,,,,,,,,
Bengaluru,Delhi,,,,,,,,,
Bengaluru,Delhi,,,,,,,,,
Bengaluru,Delhi,,,,,,,,,
Bengaluru,Delhi,,,,,,,,,
Bengaluru,Delhi,,,,,,,,,
Bengaluru,Delhi,,,,,,,,,
Bengaluru,Delhi,,,,,,,,,
Bengaluru,Delhi,,,,,,,,,
Bengaluru,Delhi,,,,,,,,,
Bengaluru,Delhi,,,,,,,,,
Bengaluru,Delhi,,,,,,,,,
Bengaluru,Delhi,,,,,,,,,
Bengaluru,Delhi,,,,,,,,,
Bengaluru,Delhi,,,,,,,,,
Bengaluru,Delhi,,,,,,,,,
Bengaluru,Delhi,,,,,,,,,
Bengaluru,Delhi,,,,,,,,,
Bengaluru,Delhi,,,,,,,,,
Bengaluru,Delhi,,,,,,,,,
Bengaluru,Delhi,,,,,,,,,
Bengaluru,Delhi,,,,,,,,,
Bengaluru,Delhi,,,,,,,,,
Bengaluru,Delhi,,,,,,,,,
Bengaluru,Delhi,,,,,,,,,
Bengaluru,Delhi,,,,,,,,,
Bengaluru,Delhi,,,,,,,,,
Bengaluru,Delhi,,,,,,,,,
Bengaluru,Delhi,,,,,,,,,
Bengaluru,Delhi,,,,,,,,,
Bengaluru,Delhi,,,,,,,,,
Bengaluru,Delhi,,,,,,,,,
Bengaluru,Delhi,,,,,,,,,
Bengaluru,Delhi,,,,,,,,,
Bengaluru,Goa,,,,,,,,,
Bengaluru,Goa-New Goa,,,,,,,,,
Bengaluru,Guwahati,,,,,,,,,
Bengaluru,Guwahati,,,,,,,,,
Bengaluru,Guwahati,,,,,,,,,
Bengaluru,Hyderabad,,,,,,,,,
Bengaluru,Jaipur,,,,,,,,,
Bengaluru,Jaipur,,,,,,,,,
Bengaluru,Jaipur,,,,,,,,,
Bengaluru,Jaipur,,,,,,,,,
Bengaluru,Jaipur,,,,,,,,,
Bengaluru,Jaipur,,,,,,,,,
Bengaluru,Jaipur,,,,,,,,,
Bengaluru,Jaipur,,,,,,,,,
Bengaluru,Jammu,,,,,,,,,
Bengaluru,Jammu,,,,,,,,,
Bengaluru,Kannur,,,,,,,,,
Bengaluru,Kannur,,,,,,,,,
Bengaluru,Kochi,,,,,,,,,
Bengaluru,Kochi,,,,,,,,,
Bengaluru,Kochi,,,,,,,,,
Bengaluru,Kochi,,,,,,,,,
Bengaluru,Kochi,,,,,,,,,
Bengaluru,Kochi,,,,,,,,,
Bengaluru,Kolkata,,,,,,,,,
Bengaluru,Kolkata,,,,,,,,,
Bengaluru,Kolkata,,,,,,,,,
Bengaluru,Kolkata,,,,,,,,,
Bengaluru,Kolkata,,,,,,,,,
Bengaluru,Kolkata,,,,,,,,,
Bengaluru,Kolkata,,,,,,,,,
Bengaluru,Kuwait,,,,,,,,,
Bengaluru,Kuwait,,,,,,,,,
Bengaluru,Leh,,,,,,,,,
Bengaluru,Leh,,,,,,,,,
Bengaluru,Leh,,,,,,,,,
Bengaluru,Leh,,,,,,,,,
Bengaluru,Leh,,,,,,,,,
Bengaluru,Leh,,,,,,,,,
Bengaluru,Lucknow,,,,,,,,,
Bengaluru,Lucknow,,,,,,,,,
Bengaluru,Lucknow,,,,,,,,,
Bengaluru,Lucknow,,,,,,,,,
Bengaluru,Lucknow,,,,,,,,,
Bengaluru,Lucknow,,,,,,,,,
Bengaluru,Lucknow,,,,,,,,,
Bengaluru,Lucknow,,,,,,,,,
Bengaluru,Lucknow,,,,,,,,,
Bengaluru,Male,,,,,,,,,
Bengaluru,Male,,,,,,,,,
Bengaluru,Mumbai,,,,,,,,,
Bengaluru,Mumbai,,,,,,,,,
Bengaluru,Mumbai,,,,,,,,,
Bengaluru,Mumbai,,,,,,,,,
Bengaluru,Mumbai,,,,,,,,,
Bengaluru,Mumbai,,,,,,,,,
Bengaluru,Mumbai,,,,,,,,,
Bengaluru,Mumbai,,,,,,,,,
Bengaluru,Muscat,,,,,,,,,
Bengaluru,Muscat,,,,,,,,,
Bengaluru,Nagpur,,,,,,,,,
Bengaluru,Nagpur,,,,,,,,,
Bengaluru,Nagpur,,,,,,,,,
Bengaluru,Nagpur,,,,,,,,,
Bengaluru,Nagpur,,,,,,,,,
Bengaluru,Nagpur,,,,,,,,,
Bengaluru,Nagpur,,,,,,,,,
Bengaluru,Nagpur,,,,,,,,,
Bengaluru,Nagpur,,,,,,,,,
Bengaluru,Nagpur,,,,,,,,,
Bengaluru,Nagpur,,,,,,,,,
Bengaluru,Nagpur,,,,,,,,,
Bengaluru,Nagpur,,,,,,,,,
Bengaluru,Nagpur,,,,,,,,,
Bengaluru,Patna,,,,,,,,,
Bengaluru,Patna,,,,,,,,,
Bengaluru,Patna,,,,,,,,,
Bengaluru,Patna,,,,,,,,,
Bengaluru,Patna,,,,,,,,,
Bengaluru,Phuket,,,,,,,,,
Bengaluru,Phuket,,,,,,,,,
Bengaluru,Phuket,,,,,,,,,
Bengaluru,Phuket,,,,,,,,,
Bengaluru,Phuket,,,,,,,,,
Bengaluru,Port Blair,,,,,,,,,
Bengaluru,Port Blair,,,,,,,,,
Bengaluru,Pune,,,,,,,,,
Bengaluru,Pune,,,,,,,,,
Bengaluru,Ranchi,,,,,,,,,
Bengaluru,Ranchi,,,,,,,,,
Bengaluru,Ranchi,,,,,,,,,
Bengaluru,Ranchi,,,,,,,,,
Bengaluru,Ranchi,,,,,,,,,
Bengaluru,Ranchi,,,,,,,,,
Bengaluru,Ranchi,,,,,,,,,
Bengaluru,Srinagar,,,,,,,,,
Bengaluru,Srinagar,,,,,,,,,
Bengaluru,Srinagar,,,,,,,,,
Bengaluru,Srinagar,,,,,,,,,
Bengaluru,Srinagar,,,,,,,,,
Bengaluru,Srinagar,,,,,,,,,
Bengaluru,Srinagar,,,,,,,,,
Bengaluru,Srinagar,,,,,,,,,
Bengaluru,Srinagar,,,,,,,,,
Bengaluru,Srinagar,,,,,,,,,
Bengaluru,Varanasi,,,,,,,,,
Bengaluru,Varanasi,,,,,,,,,
Bengaluru,Varanasi,,,,,,,,,
Bengaluru,Varanasi,,,,,,,,,
Chandigarh,Abu Dhabi,,,,,,,,,
Chandigarh,Abu Dhabi,,,,,,,,,
Chandigarh,Ahmedabad,,,,,,,,,
Chandigarh,Ahmedabad,,,,,,,,,
Chandigarh,Ahmedabad,,,,,,,,,
Chandigarh,Ahmedabad,,,,,,,,,
Chandigarh,Ahmedabad,,,,,,,,,
Chandigarh,Ahmedabad,,,,,,,,,
Chandigarh,Ahmedabad,,,,,,,,,
Chandigarh,Ahmedabad,,,,,,,,,
Chandigarh,Ahmedabad,,,,,,,,,
Chandigarh,Ahmedabad,,,,,,,,,
Chandigarh,Ahmedabad,,,,,,,,,
Chandigarh,Bangkok,,,,,,,,,
Chandigarh,Bangkok,,,,,,,,,
Chandigarh,Bangkok,,,,,,,,,
Chandigarh,Bengaluru,,,,,,,,,
Chandigarh,Bengaluru,,,,,,,,,
Chandigarh,Bengaluru,,,,,,,,,
Chandigarh,Bengaluru,,,,,,,,,
Chandigarh,Bengaluru,,,,,,,,,
Chandigarh,Bengaluru,,,,,,,,,
Chandigarh,Bengaluru,,,,,,,,,
Chandigarh,Bengaluru,,,,,,,,,
Chandigarh,Chennai,,,,,,,,,
Chandigarh,Chennai,,,,,,,,,
Chandigarh,Chennai,,,,,,,,,
Chandigarh,Chennai,,,,,,,,,
Chandigarh,Chennai,,,,,,,,,
Chandigarh,Delhi,,,,,,,,,
Chandigarh,Goa,,,,,,,,,
Chandigarh,Goa,,,,,,,,,
Chandigarh,Goa,,,,,,,,,
Chandigarh,Goa,,,,,,,,,
Chandigarh,Goa,,,,,,,,,
Chandigarh,Goa,,,,,,,,,
Chandigarh,Goa,,,,,,,,,
Chandigarh,Goa,,,,,,,,,
Chandigarh,Goa,,,,,,,,,
Chandigarh,Goa,,,,,,,,,
Chandigarh,Goa,,,,,,,,,
Chandigarh,Goa,,,,,,,,,
Chandigarh,Goa-New Goa,,,,,,,,,
Chandigarh,Goa-New Goa,,,,,,,,,
Chandigarh,Hyderabad,,,,,,,,,
Chandigarh,Hyderabad,,,,,,,,,
Chandigarh,Jaipur,,,,,,,,,
Chandigarh,Jaipur,,,,,,,,,
Chandigarh,Jaipur,,,,,,,,,
Chandigarh,Jammu,,,,,,,,,
Chandigarh,Kannur,,,,,,,,,
Chandigarh,Kochi,,,,,,,,,
Chandigarh,Kochi,,,,,,,,,
Chandigarh,Kochi,,,,,,,,,
Chandigarh,Kolkata,,,,,,,,,
Chandigarh,Kolkata,,,,,,,,,
Chandigarh,Kolkata,,,,,,,,,
Chandigarh,Kuwait,,,,,,,,,
Chandigarh,Leh,,,,,,,,,
Chandigarh,Lucknow,,,,,,,,,
Chandigarh,Lucknow,,,,,,,,,
Chandigarh,Lucknow,,,,,,,,,
Chandigarh,Lucknow,,,,,,,,,
Chandigarh,Lucknow,,,,,,,,,
Chandigarh,Male,,,,,,,,,
Chandigarh,Mumbai,,,,,,,,,
Chandigarh,Mumbai,,,,,,,,,
Chandigarh,Mumbai,,,,,,,,,
Chandigarh,Mumbai,,,,,,,,,
Chandigarh,Mumbai,,,,,,,,,
Chandigarh,Mumbai,,,,,,,,,
Chandigarh,Mumbai,,,,,,,,,
Chandigarh,Mumbai,,,,,,,,,
Chandigarh,Mumbai,,,,,,,,,
Chandigarh,Mumbai,,,,,,,,,
Chandigarh,Mumbai,,,,,,,,,
Chandigarh,Mumbai,,,,,,,,,
Chandigarh,Mumbai,,,,,,,,,
Chandigarh,Muscat,,,,,,,,,
Chandigarh,Muscat,,,,,,,,,
Chandigarh,Nagpur,,,,,,,,,
Chandigarh,Nagpur,,,,,,,,,
Chandigarh,Nagpur,,,,,,,,,
Chandigarh,Nagpur,,,,,,,,,
Chandigarh,Nagpur,,,,,,,,,
Chandigarh,Nagpur,,,,,,,,,
Chandigarh,Phuket,,,,,,,,,
Chandigarh,Phuket,,,,,,,,,
Chandigarh,Phuket,,,,,,,,,
Chandigarh,Pune,,,,,,,,,
Chandigarh,Pune,,,,,,,,,
Chandigarh,Ranchi,,,,,,,,,
Chandigarh,Srinagar,,,,,,,,,
Chandigarh,Srinagar,,,,,,,,,
Chandigarh,Varanasi,,,,,,,,,
Chandigarh,Varanasi,,,,,,,,,
Chandigarh,Varanasi,,,,,,,,,
Chennai,Abu Dhabi,,,,,,,,,
Chennai,Ahmedabad,,,,,,,,,
Chennai,Ahmedabad,,,,,,,,,
Chennai,Ahmedabad,,,,,,,,,
Chennai,Ahmedabad,,,,,,,,,
Chennai,Amritsar,,,,,,,,,
Chennai,Amritsar,,,,,,,,,
Chennai,Amritsar,,,,,,,,,
Chennai,Amritsar,,,,,,,,,
Chennai,Bangkok,,,,,,,,,
Chennai,Bangkok,,,,,,,,,
Chennai,Delhi,,,,,,,,,
Chennai,Delhi,,,,,,,,,
Chennai,Delhi,,,,,,,,,
Chennai,Delhi,,,,,,,,,
Chennai,Delhi,,,,,,,,,
Chennai,Delhi,,,,,,,,,
Chennai,Delhi,,,,,,,,,
Chennai,Delhi,,,,,,,,,
Chennai,Delhi,,,,,,,,,
Chennai,Delhi,,,,,,,,,
Chennai,Goa,,,,,,,,,
Chennai,Goa,,,,,,,,,
Chennai,Goa,,,,,,,,,
Chennai,Jaipur,,,,,,,,,
Chennai,Jaipur,,,,,,,,,
Chennai,Kuwait,,,,,,,,,
Chennai,Lucknow,,,,,,,,,
Chennai,Lucknow,,,,,,,,,
Chennai,Mumbai,,,,,,,,,
Chennai,Mumbai,,,,,,,,,
Chennai,Muscat,,,,,,,,,
Chennai,Muscat,,,,,,,,,
Chennai,Nagpur,,,,,,,,,
Chennai,Phuket,,,,,,,,,
Chennai,Phuket,,,,,,,,,
Chennai,Port Blair,,,,,,,,,
Chennai,Port Blair,,,,,,,,,
Dammam,Kannur,,,,,,,,,
Dammam,Mumbai,,,,,,,,,
Dehra Dun,Abu Dhabi,,,,,,,,,
Dehra Dun,Ahmedabad,,,,,,,,,
Dehra Dun,Ahmedabad,,,,,,,,,
Dehra Dun,Ahmedabad,,,,,,,,,
Dehra Dun,Ahmedabad,,,,,,,,,
Dehra Dun,Amritsar,,,,,,,,,
Dehra Dun,Amritsar,,,,,,,,,
Dehra Dun,Bengaluru,,,,,,,,,
Dehra Dun,Bengaluru,,,,,,,,,
Dehra Dun,Bengaluru,,,,,,,,,
Dehra Dun,Bengaluru,,,,,,,,,
Dehra Dun,Bengaluru,,,,,,,,,
Dehra Dun,Chennai,,,,,,,,,
Dehra Dun,Chennai,,,,,,,,,
Dehra Dun,Goa,,,,,,,,,
Dehra Dun,Goa,,,,,,,,,
Dehra Dun,Goa,,,,,,,,,
Dehra Dun,Jaipur,,,,,,,,,
Dehra Dun,Jaipur,,,,,,,,,
Dehra Dun,Lucknow,,,,,,,,,
Dehra Dun,Lucknow,,,,,,,,,
Dehra Dun,Mumbai,,,,,,,,,
Dehra Dun,Mumbai,,,,,,,,,
Dehra Dun,Muscat,,,,,,,,,
Dehra Dun,Muscat,,,,,,,,,
Dehra Dun,Nagpur,,,,,,,,,
Dehra Dun,Nagpur,,,,,,,,,
Delhi,Abu Dhabi,,,,,,,,,
Delhi,Abu Dhabi,,,,,,,,,
Delhi,Abu Dhabi,,,,,,,,,
Delhi,Abu Dhabi,,,,,,,,,
Delhi,Abu Dhabi,,,,,,,,,
Delhi,Ahmedabad,,,,,,,,,
Delhi,Ahmedabad,,,,,,,,,
Delhi,Ahmedabad,,,,,,,,,
Delhi,Ahmedabad,,,,,,,,,
Delhi,Ahmedabad,,,,,,,,,
Delhi,Bagdogra,,,,,,,,,
Delhi,Bagdogra,,,,,,,,,
Delhi,Bagdogra,,,,,,,,,
Delhi,Bagdogra,,,,,,,,,
Delhi,Bangkok,,,,,,,,,
Delhi,Bangkok,,,,,,,,,
Delhi,Bangkok,,,,,,,,,
Delhi,Bangkok,,,,,,,,,
Delhi,Bangkok,,,,,,,,,
Delhi,Bangkok,,,,,,,,,
Delhi,Bengaluru,,,,,,,,,
Delhi,Bengaluru,,,,,,,,,
Delhi,Bengaluru,,,,,,,,,
Delhi,Bengaluru,,,,,,,,,
Delhi,Bengaluru,,,,,,,,,
Delhi,Bengaluru,,,,,,,,,
Delhi,Bengaluru,,,,,,,,,
Delhi,Bengaluru,,,,,,,,,
Delhi,Bengaluru,,,,,,,,,
Delhi,Bengaluru,,,,,,,,,
Delhi,Bengaluru,,,,,,,,,
Delhi,Bengaluru,,,,,,,,,
Delhi,Bengaluru,,,,,,,,,
Delhi,Bengaluru,,,,,,,,,
Delhi,Bengaluru,,,,,,,,,
Delhi,Bengaluru,,,,,,,,,
Delhi,Bengaluru,,,,,,,,,
Delhi,Bengaluru,,,,,,,,,
Delhi,Bengaluru,,,,,,,,,
Delhi,Bengaluru,,,,,,,,,
Delhi,Bengaluru,,,,,,,,,
Delhi,Bengaluru,,,,,,,,,
Delhi,Bengaluru,,,,,,,,,
Delhi,Bengaluru,,,,,,,,,
Delhi,Bengaluru,,,,,,,,,
Delhi,Bengaluru,,,,,,,,,
Delhi,Chandigarh,,,,,,,,,
Delhi,Chennai,,,,,,,,,
Delhi,Chennai,,,,,,,,,
Delhi,Chennai,,,,,,,,,
Delhi,Chennai,,,,,,,,,
Delhi,Chennai,,,,,,,,,
Delhi,Chennai,,,,,,,,,
Delhi,Chennai,,,,,,,,,
Delhi,Chennai,,,,,,,,,
Delhi,Chennai,,,,,,,,,
Delhi,Chennai,,,,,,,,,
Delhi,Chennai,,,,,,,,,
Delhi,Goa,,,,,,,,,
Delhi,Goa,,,,,,,,,
Delhi,Goa,,,,,,,,,
Delhi,Goa,,,,,,,,,
Delhi,Goa,,,,,,,,,
Delhi,Goa,,,,,,,,,
Delhi,Goa,,,,,,,,,
Delhi,Goa,,,,,,,,,
Delhi,Goa,,,,,,,,,
Delhi,Goa,,,,,,,,,
Delhi,Goa,,,,,,,,,
Delhi,Goa,,,,,,,,,
Delhi,Goa,,,,,,,,,
Delhi,Goa,,,,,,,,,
Delhi,Goa,,,,,,,,,
Delhi,Goa,,,,,,,,,
Delhi,Goa,,,,,,,,,
Delhi,Goa,,,,,,,,,
Delhi,Goa,,,,,,,,,
Delhi,Goa,,,,,,,,,
Delhi,Goa,,,,,,,,,
Delhi,Goa,,,,,,,,,
Delhi,Goa,,,,,,,,,
Delhi,Goa,,,,,,,,,
Delhi,Goa,,,,,,,,,
Delhi,Goa,,,,,,,,,
Delhi,Goa,,,,,,,,,
Delhi,Goa,,,,,,,,,
Delhi,Goa,,,,,,,,,
Delhi,Goa,,,,,,,,,
Delhi,Goa,,,,,,,,,
Delhi,Goa,,,,,,,,,
Delhi,Goa,,,,,,,,,
Delhi,Goa,,,,,,,,,
Delhi,Goa,,,,,,,,,
Delhi,Goa,,,,,,,,,
Delhi,Goa-New Goa,,,,,,,,,
Delhi,Goa-New Goa,,,,,,,,,
Delhi,Goa-New Goa,,,,,,,,,
Delhi,Goa-New Goa,,,,,,,,,
Delhi,Goa-New Goa,,,,,,,,,
Delhi,Guwahati,,,,,,,,,
Delhi,Guwahati,,,,,,,,,
Delhi,Guwahati,,,,,,,,,
Delhi,Hyderabad,,,,,,,,,
Delhi,Hyderabad,,,,,,,,,
Delhi,Jaipur,,,,,,,,,
Delhi,Jaipur,,,,,,,,,
Delhi,Jammu,,,,,,,,,
Delhi,Jammu,,,,,,,,,
Delhi,Jammu,,,,,,,,,
Delhi,Jammu,,,,,,,,,
Delhi,Jammu,,,,,,,,,
Delhi,Jammu,,,,,,,,,
Delhi,Jammu,,,,,,,,,
Delhi,Jammu,,,,,,,,,
Delhi,Jammu,,,,,,,,,
Delhi,Jammu,,,,,,,,,
Delhi,Jammu,,,,,,,,,
Delhi,Jammu,,,,,,,,,
Delhi,Jammu,,,,,,,,,
Delhi,Kannur,,,,,,,,,
Delhi,Kannur,,,,,,,,,
Delhi,Kannur,,,,,,,,,
Delhi,Kannur,,,,,,,,,
Delhi,Kochi,,,,,,,,,
Delhi,Kochi,,,,,,,,,
Delhi,Kochi,,,,,,,,,
Delhi,Kochi,,,,,,,,,
Delhi,Kochi,,,,,,,,,
Delhi,Kochi,,,,,,,,,
Delhi,Kochi,,,,,,,,,
Delhi,Kochi,,,,,,,,,
Delhi,Kochi,,,,,,,,,
Delhi,Kolkata,,,,,,,,,
Delhi,Kolkata,,,,,,,,,
Delhi,Kolkata,,,,,,,,,
Delhi,Kolkata,,,,,,,,,
Delhi,Kolkata,,,,,,,,,
Delhi,Kolkata,,,,,,,,,
Delhi,Kolkata,,,,,,,,,
Delhi,Kolkata,,,,,,,,,
Delhi,Kolkata,,,,,,,,,
Delhi,Kolkata,,,,,,,,,
Delhi,Kuwait,,,,,,,,,
Delhi,Kuwait,,,,,,,,,
Delhi,Kuwait,,,,,,,,,
Delhi,Leh,,,,,,,,,
Delhi,Leh,,,,,,,,,
Delhi,Leh,,,,,,,,,
Delhi,Leh,,,,,,,,,
Delhi,Leh,,,,,,,,,
Delhi,Leh,,,,,,,,,
Delhi,Lucknow,,,,,,,,,
Delhi,Lucknow,,,,,,,,,
Delhi,Lucknow,,,,,,,,,
Delhi,Male,,,,,,,,,
Delhi,Male,,,,,,,,,
Delhi,Male,,,,,,,,,
Delhi,Male,,,,,,,,,
Delhi,Male,,,,,,,,,
Delhi,Male,,,,,,,,,
Delhi,Mumbai,,,,,,,,,
Delhi,Mumbai,,,,,,,,,
Delhi,Mumbai,,,,,,,,,
Delhi,Mumbai,,,,,,,,,
Delhi,Mumbai,,,,,,,,,
Delhi,Mumbai,,,,,,,,,
Delhi,Mumbai,,,,,,,,,
Delhi,Mumbai,,,,,,,,,
Delhi,Mumbai,,,,,,,,,
Delhi,Mumbai,,,,,,,,,
Delhi,Mumbai,,,,,,,,,
Delhi,Mumbai,,,,,,,,,
Delhi,Mumbai,,,,,,,,,
Delhi,Mumbai,,,,,,,,,
Delhi,Mumbai,,,,,,,,,
Delhi,Mumbai,,,,,,,,,
Delhi,Mumbai,,,,,,,,,
Delhi,Mumbai,,,,,,,,,
Delhi,Mumbai,,,,,,,,,
Delhi,Mumbai,,,,,,,,,
Delhi,Mumbai,,,,,,,,,
Delhi,Mumbai,,,,,,,,,
Delhi,Mumbai,,,,,,,,,
Delhi,Mumbai,,,,,,,,,
Delhi,Mumbai,,,,,,,,,
Delhi,Mumbai,,,,,,,,,
Delhi,Mumbai,,,,,,,,,
Delhi,Mumbai,,,,,,,,,
Delhi,Mumbai,,,,,,,,,
Delhi,Mumbai,,,,,,,,,
Delhi,Mumbai,,,,,,,,,
Delhi,Mumbai,,,,,,,,,
Delhi,Mumbai,,,,,,,,,
Delhi,Mumbai,,,,,,,,,
Delhi,Mumbai,,,,,,,,,
Delhi,Mumbai,,,,,,,,,
Delhi,Mumbai,,,,,,,,,
Delhi,Mumbai,,,,,,,,,
Delhi,Mumbai,,,,,,,,,
Delhi,Mumbai,,,,,,,,,
Delhi,Mumbai,,,,,,,,,
Delhi,Mumbai,,,,,,,,,
Delhi,Mumbai,,,,,,,,,
Delhi,Mumbai,,,,,,,,,
Delhi,Mumbai,,,,,,,,,
Delhi,Mumbai,,,,,,,,,
Delhi,Mumbai,,,,,,,,,
Delhi,Mumbai,,,,,,,,,
Delhi,Mumbai,,,,,,,,,
Delhi,Mumbai,,,,,,,,,
Delhi,Mumbai,,,,,,,,,
Delhi,Mumbai,,,,,,,,,
Delhi,Muscat,,,,,,,,,
Delhi,Muscat,,,,,,,,,
Delhi,Muscat,,,,,,,,,
Delhi,Nagpur,,,,,,,,,
Delhi,Patna,,,,,,,,,
Delhi,Patna,,,,,,,,,
Delhi,Patna,,,,,,,,,
Delhi,Patna,,,,,,,,,
Delhi,Patna,,,,,,,,,
Delhi,Phuket,,,,,,,,,
Delhi,Phuket,,,,,,,,,
Delhi,Phuket,,,,,,,,,
Delhi,Phuket,,,,,,,,,
Delhi,Phuket,,,,,,,,,
Delhi,Phuket,,,,,,,,,
Delhi,Phuket,,,,,,,,,
Delhi,Port Blair,,,,,,,,,
Delhi,Port Blair,,,,,,,,,
Delhi,Port Blair,,,,,,,,,
Delhi,Pune,,,,,,,,,
Delhi,Pune,,,,,,,,,
Delhi,Pune,,,,,,,,,
Delhi,Pune,,,,,,,,,
Delhi,Pune,,,,,,,,,
Delhi,Pune,,,,,,,,,
Delhi,Pune,,,,,,,,,
Delhi,Ranchi,,,,,,,,,
Delhi,Ranchi,,,,,,,,,
Delhi,Ranchi,,,,,,,,,
Delhi,Srinagar,,,,,,,,,
Delhi,Srinagar,,,,,,,,,
Delhi,Srinagar,,,,,,,,,
Delhi,Srinagar,,,,,,,,,
Delhi,Srinagar,,,,,,,,,
Delhi,Srinagar,,,,,,,,,
Delhi,Srinagar,,,,,,,,,
Delhi,Srinagar,,,,,,,,,
Delhi,Srinagar,,,,,,,,,
Delhi,Thoise,,,,,,,,,
Delhi,Varanasi,,,,,,,,,
Dubai,Kannur,,,,,,,,,
Goa,Abu Dhabi,,,,,,,,,
Goa,Abu Dhabi,,,,,,,,,
Goa,Abu Dhabi,,,,,,,,,
Goa,Abu Dhabi,,,,,,,,,
Goa,Ahmedabad,,,,,,,,,
Goa,Ahmedabad,,,,,,,,,
Goa,Ahmedabad,,,,,,,,,
Goa,Ahmedabad,,,,,,,,,
Goa,Ahmedabad,,,,,,,,,
Goa,Ahmedabad,,,,,,,,,
Goa,Ahmedabad,,,,,,,,,
Goa,Ahmedabad,,,,,,,,,
Goa,Ahmedabad,,,,,,,,,
Goa,Ahmedabad,,,,,,,,,
Goa,Ahmedabad,,,,,,,,,
Goa,Ahmedabad,,,,,,,,,
Goa,Ahmedabad,,,,,,,,,
Goa,Ahmedabad,,,,,,,,,
Goa,Ahmedabad,,,,,,,,,
Goa,Ahmedabad,,,,,,,,,
Goa,Ahmedabad,,,,,,,,,
Goa,Ahmedabad,,,,,,,,,
Goa,Ahmedabad,,,,,,,,,
Goa,Ahmedabad,,,,,,,,,
Goa,Ahmedabad,,,,,,,,,
Goa,Ahmedabad,,,,,,,,,
Goa,Ahmedabad,,,,,,,,,
Goa,Ahmedabad,,,,,,,,,
Goa,Ahmedabad,,,,,,,,,
Goa,Ahmedabad,,,,,,,,,
Goa,Ahmedabad,,,,,,,,,
Goa,Amritsar,,,,,,,,,
Goa,Amritsar,,,,,,,,,
Goa,Amritsar,,,,,,,,,
Goa,Amritsar,,,,,,,,,
Goa,Amritsar,,,,,,,,,
Goa,Amritsar,,,,,,,,,
Goa,Amritsar,,,,,,,,,
Goa,Amritsar,,,,,,,,,
Goa,Amritsar,,,,,,,,,
Goa,Amritsar,,,,,,,,,
Goa,Amritsar,,,,,,,,,
Goa,Amritsar,,,,,,,,,
Goa,Amritsar,,,,,,,,,
Goa,Bagdogra,,,,,,,,,
Goa,Bagdogra,,,,,,,,,
Goa,Bagdogra,,,,,,,,,
Goa,Bagdogra,,,,,,,,,
Goa,Bangkok,,,,,,,,,
Goa,Bangkok,,,,,,,,,
Goa,Bangkok,,,,,,,,,
Goa,Bangkok,,,,,,,,,
Goa,Bangkok,,,,,,,,,
Goa,Bengaluru,,,,,,,,,
Goa,Chandigarh,,,,,,,,,
Goa,Chandigarh,,,,,,,,,
Goa,Chandigarh,,,,,,,,,
Goa,Chandigarh,,,,,,,,,
Goa,Chandigarh,,,,,,,,,
Goa,Chandigarh,,,,,,,,,
Goa,Chandigarh,,,,,,,,,
Goa,Chandigarh,,,,,,,,,
Goa,Chandigarh,,,,,,,,,
Goa,Chandigarh,,,,,,,,,
Goa,Chandigarh,,,,,,,,,
Goa,Chandigarh,,,,,,,,,
Goa,Chandigarh,,,,,,,,,
Goa,Chennai,,,,,,,,,
Goa,Chennai,,,,,,,,,
Goa,Chennai,,,,,,,,,
Goa,Chennai,,,,,,,,,
Goa,Chennai,,,,,,,,,
Goa,Chennai,,,,,,,,,
Goa,Chennai,,,,,,,,,
Goa,Dehra Dun,,,,,,,,,
Goa,Dehra Dun,,,,,,,,,
Goa,Dehra Dun,,,,,,,,,
Goa,Delhi,,,,,,,,,
Goa,Delhi,,,,,,,,,
Goa,Delhi,,,,,,,,,
Goa,Delhi,,,,,,,,,
Goa,Delhi,,,,,,,,,
Goa,Delhi,,,,,,,,,
Goa,Delhi,,,,,,,,,
Goa,Delhi,,,,,,,,,
Goa,Delhi,,,,,,,,,
Goa,Delhi,,,,,,,,,
Goa,Delhi,,,,,,,,,
Goa,Delhi,,,,,,,,,
Goa,Delhi,,,,,,,,,
Goa,Delhi,,,,,,,,,
Goa,Delhi,,,,,,,,,
Goa,Delhi,,,,,,,,,
Goa,Delhi,,,,,,,,,
Goa,Delhi,,,,,,,,,
Goa,Delhi,,,,,,,,,
Goa,Delhi,,,,,,,,,
Goa,Delhi,,,,,,,,,
Goa,Delhi,,,,,,,,,
Goa,Delhi,,,,,,,,,
Goa,Delhi,,,,,,,,,
Goa,Delhi,,,,,,,,,
Goa,Delhi,,,,,,,,,
Goa,Delhi,,,,,,,,,
Goa,Delhi,,,,,,,,,
Goa,Delhi,,,,,,,,,
Goa,Delhi,,,,,,,,,
Goa,Delhi,,,,,,,,,
Goa,Delhi,,,,,,,,,
Goa,Delhi,,,,,,,,,
Goa,Delhi,,,,,,,,,
Goa,Delhi,,,,,,,,,
Goa,Delhi,,,,,,,,,
Goa,Delhi,,,,,,,,,
Goa,Guwahati,,,,,,,,,
Goa,Hyderabad,,,,,,,,,
Goa,Hyderabad,,,,,,,,,
Goa,Jaipur,,,,,,,,,
Goa,Jaipur,,,,,,,,,
Goa,Jaipur,,,,,,,,,
Goa,Jaipur,,,,,,,,,
Goa,Jaipur,,,,,,,,,
Goa,Jaipur,,,,,,,,,
Goa,Jaipur,,,,,,,,,
Goa,Jaipur,,,,,,,,,
Goa,Jammu,,,,,,,,,
Goa,Jammu,,,,,,,,,
Goa,Jammu,,,,,,,,,
Goa,Kannur,,,,,,,,,
Goa,Kannur,,,,,,,,,
Goa,Kannur,,,,,,,,,
Goa,Kannur,,,,,,,,,
Goa,Kochi,,,,,,,,,
Goa,Kochi,,,,,,,,,
Goa,Kochi,,,,,,,,,
Goa,Kochi,,,,,,,,,
Goa,Kochi,,,,,,,,,
Goa,Kochi,,,,,,,,,
Goa,Kochi,,,,,,,,,
Goa,Kolkata,,,,,,,,,
Goa,Kolkata,,,,,,,,,
Goa,Kolkata,,,,,,,,,
Goa,Kolkata,,,,,,,,,
Goa,Kolkata,,,,,,,,,
Goa,Kolkata,,,,,,,,,
Goa,Kuwait,,,,,,,,,
Goa,Kuwait,,,,,,,,,
Goa,Leh,,,,,,,,,
Goa,Leh,,,,,,,,,
Goa,Leh,,,,,,,,,
Goa,Leh,,,,,,,,,
Goa,Leh,,,,,,,,,
Goa,Leh,,,,,,,,,
Goa,Leh,,,,,,,,,
Goa,Leh,,,,,,,,,
Goa,Leh,,,,,,,,,
Goa,Leh,,,,,,,,,
Goa,Lucknow,,,,,,,,,
Goa,Lucknow,,,,,,,,,
Goa,Lucknow,,,,,,,,,
Goa,Lucknow,,,,,,,,,
Goa,Lucknow,,,,,,,,,
Goa,Lucknow,,,,,,,,,
Goa,Lucknow,,,,,,,,,
Goa,Lucknow,,,,,,,,,
Goa,Lucknow,,,,,,,,,
Goa,Lucknow,,,,,,,,,
Goa,Lucknow,,,,,,,,,
Goa,Lucknow,,,,,,,,,
Goa,Lucknow,,,,,,,,,
Goa,Lucknow,,,,,,,,,
Goa,Lucknow,,,,,,,,,
Goa,Male,,,,,,,,,
Goa,Mumbai,,,,,,,,,
Goa,Mumbai,,,,,,,,,
Goa,Mumbai,,,,,,,,,
Goa,Mumbai,,,,,,,,,
Goa,Mumbai,,,,,,,,,
Goa,Mumbai,,,,,,,,,
Goa,Mumbai,,,,,,,,,
Goa,Mumbai,,,,,,,,,
Goa,Muscat,,,,,,,,,
Goa,Muscat,,,,,,,,,
Goa,Muscat,,,,,,,,,
Goa,Muscat,,,,,,,,,
Goa,Muscat,,,,,,,,,
Goa,Nagpur,,,,,,,,,
Goa,Nagpur,,,,,,,,,
Goa,Nagpur,,,,,,,,,
Goa,Nagpur,,,,,,,,,
Goa,Nagpur,,,,,,,,,
Goa,Nagpur,,,,,,,,,
Goa,Nagpur,,,,,,,,,
Goa,Nagpur,,,,,,,,,
Goa,Nagpur,,,,,,,,,
Goa,Nagpur,,,,,,,,,
Goa,Nagpur,,,,,,,,,
Goa,Patna,,,,,,,,,
Goa,Patna,,,,,,,,,
Goa,Patna,,,,,,,,,
Goa,Patna,,,,,,,,,
Goa,Patna,,,,,,,,,
Goa,Patna,,,,,,,,,
Goa,Phuket,,,,,,,,,
Goa,Phuket,,,,,,,,,
Goa,Phuket,,,,,,,,,
Goa,Phuket,,,,,,,,,
Goa,Pune,,,,,,,,,
Goa,Pune,,,,,,,,,
Goa,Ranchi,,,,,,,,,
Goa,Ranchi,,,,,,,,,
Goa,Ranchi,,,,,,,,,
Goa,Ranchi,,,,,,,,,
Goa,Ranchi,,,,,,,,,
Goa,Srinagar,,,,,,,,,
Goa,Srinagar,,,,,,,,,
Goa,Srinagar,,,,,,,,,
Goa,Srinagar,,,,,,,,,
Goa,Srinagar,,,,,,,,,
Goa,Srinagar,,,,,,,,,
Goa,Srinagar,,,,,,,,,
Goa,Srinagar,,,,,,,,,
Goa,Srinagar,,,,,,,,,
Goa,Srinagar,,,,,,,,,
Goa,Srinagar,,,,,,,,,
Goa,Srinagar,,,,,,,,,
Goa,Varanasi,,,,,,,,,
Goa,Varanasi,,,,,,,,,
Goa,Varanasi,,,,,,,,,
Goa,Varanasi,,,,,,,,,
Goa,Varanasi,,,,,,,,,
Goa,Varanasi,,,,,,,,,
Goa,Varanasi,,,,,,,,,
Goa-New Goa,Abu Dhabi,,,,,,,,,
Goa-New Goa,Ahmedabad,,,,,,,,,
Goa-New Goa,Ahmedabad,,,,,,,,,
Goa-New Goa,Ahmedabad,,,,,,,,,
Goa-New Goa,Ahmedabad,,,,,,,,,
Goa-New Goa,Ahmedabad,,,,,,,,,
Goa-New Goa,Amritsar,,,,,,,,,
Goa-New Goa,Amritsar,,,,,,,,,
Goa-New Goa,Amritsar,,,,,,,,,
Goa-New Goa,Bengaluru,,,,,,,,,
Goa-New Goa,Bengaluru,,,,,,,,,
Goa-New Goa,Chandigarh,,,,,,,,,
Goa-New Goa,Chandigarh,,,,,,,,,
Goa-New Goa,Chandigarh,,,,,,,,,
Goa-New Goa,Chennai,,,,,,,,,
Goa-New Goa,Delhi,,,,,,,,,
Goa-New Goa,Delhi,,,,,,,,,
Goa-New Goa,Delhi,,,,,,,,,
Goa-New Goa,Delhi,,,,,,,,,
Goa-New Goa,Delhi,,,,,,,,,
Goa-New Goa,Delhi,,,,,,,,,
Goa-New Goa,Delhi,,,,,,,,,
Goa-New Goa,Hyderabad,,,,,,,,,
Goa-New Goa,Jaipur,,,,,,,,,
Goa-New Goa,Jaipur,,,,,,,,,
Goa-New Goa,Jaipur,,,,,,,,,
Goa-New Goa,Kannur,,,,,,,,,
Goa-New Goa,Kochi,,,,,,,,,
Goa-New Goa,Kochi,,,,,,,,,
Goa-New Goa,Kochi,,,,,,,,,
Goa-New Goa,Kolkata,,,,,,,,,
Goa-New Goa,Kolkata,,,,,,,,,
Goa-New Goa,Kuwait,,,,,,,,,
Goa-New Goa,Lucknow,,,,,,,,,
Goa-New Goa,Lucknow,,,,,,,,,
Goa-New Goa,Lucknow,,,,,,,,,
Goa-New Goa,Lucknow,,,,,,,,,
Goa-New Goa,Mumbai,,,,,,,,,
Goa-New Goa,Muscat,,,,,,,,,
Goa-New Goa,Nagpur,,,,,,,,,
Goa-New Goa,Nagpur,,,,,,,,,
Goa-New Goa,Nagpur,,,,,,,,,
Goa-New Goa,Nagpur,,,,,,,,,
Goa-New Goa,Nagpur,,,,,,,,,
Goa-New Goa,Phuket,,,,,,,,,
Goa-New Goa,Pune,,,,,,,,,
Goa-New Goa,Ranchi,,,,,,,,,
Guwahati,Abu Dhabi,,,,,,,,,
Guwahati,Ahmedabad,,,,,,,,,
Guwahati,Ahmedabad,,,,,,,,,
Guwahati,Ahmedabad,,,,,,,,,
Guwahati,Ahmedabad,,,,,,,,,
Guwahati,Ahmedabad,,,,,,,,,
Guwahati,Ahmedabad,,,,,,,,,
Guwahati,Ahmedabad,,,,,,,,,
Guwahati,Bangkok,,,,,,,,,
Guwahati,Bengaluru,,,,,,,,,
Guwahati,Bengaluru,,,,,,,,,
Guwahati,Bengaluru,,,,,,,,,
Guwahati,Bengaluru,,,,,,,,,
Guwahati,Delhi,,,,,,,,,
Guwahati,Delhi,,,,,,,,,
Guwahati,Delhi,,,,,,,,,
Guwahati,Goa,,,,,,,,,
Guwahati,Goa,,,,,,,,,
Guwahati,Hyderabad,,,,,,,,,
Guwahati,Hyderabad,,,,,,,,,
Guwahati,Jaipur,,,,,,,,,
Guwahati,Jaipur,,,,,,,,,
Guwahati,Kolkata,,,,,,,,,
Guwahati,Kolkata,,,,,,,,,
Guwahati,Leh,,,,,,,,,
Guwahati,Leh,,,,,,,,,
Guwahati,Lucknow,,,,,,,,,
Guwahati,Lucknow,,,,,,,,,
Guwahati,Mumbai,,,,,,,,,
Guwahati,Mumbai,,,,,,,,,
Guwahati,Mumbai,,,,,,,,,
Guwahati,Mumbai,,,,,,,,,
Guwahati,Mumbai,,,,,,,,,
Guwahati,Mumbai,,,,,,,,,
Guwahati,Mumbai,,,,,,,,,
Guwahati,Mumbai,,,,,,,,,
Guwahati,Mumbai,,,,,,,,,
Guwahati,Nagpur,,,,,,,,,
Guwahati,Nagpur,,,,,,,,,
Guwahati,Patna,,,,,,,,,
Guwahati,Patna,,,,,,,,,
Guwahati,Phuket,,,,,,,,,
Guwahati,Pune,,,,,,,,,
Guwahati,Pune,,,,,,,,,
Guwahati,Pune,,,,,,,,,
Guwahati,Pune,,,,,,,,,
Guwahati,Ranchi,,,,,,,,,
Guwahati,Srinagar,,,,,,,,,
Guwahati,Srinagar,,,,,,,,,
Hyderabad,Abu Dhabi,,,,,,,,,
Hyderabad,Ahmedabad,,,,,,,,,
Hyderabad,Bagdogra,,,,,,,,,
Hyderabad,Bagdogra,,,,,,,,,
Hyderabad,Chandigarh,,,,,,,,,
Hyderabad,Chandigarh,,,,,,,,,
Hyderabad,Delhi,,,,,,,,,
Hyderabad,Delhi,,,,,,,,,
Hyderabad,Goa,,,,,,,,,
Hyderabad,Goa,,,,,,,,,
Hyderabad,Goa,,,,,,,,,
Hyderabad,Goa,,,,,,,,,
Hyderabad,Goa-New Goa,,,,,,,,,
Hyderabad,Goa-New Goa,,,,,,,,,
Hyderabad,Guwahati,,,,,,,,,
Hyderabad,Jammu,,,,,,,,,
Hyderabad,Lucknow,,,,,,,,,
Hyderabad,Mumbai,,,,,,,,,
Hyderabad,Mumbai,,,,,,,,,
Hyderabad,Mumbai,,,,,,,,,
Hyderabad,Nagpur,,,,,,,,,
Hyderabad,Patna,,,,,,,,,
Hyderabad,Patna,,,,,,,,,
Hyderabad,Patna,,,,,,,,,
Hyderabad,Pune,,,,,,,,,
Hyderabad,Pune,,,,,,,,,
Hyderabad,Ranchi,,,,,,,,,
Hyderabad,Ranchi,,,,,,,,,
Hyderabad,Ranchi,,,,,,,,,
Hyderabad,Srinagar,,,,,,,,,
Hyderabad,Srinagar,,,,,,,,,
Hyderabad,Srinagar,,,,,,,,,
Hyderabad,Srinagar,,,,,,,,,
Hyderabad,Srinagar,,,,,,,,,
Hyderabad,Srinagar,,,,,,,,,
Jaipur,Abu Dhabi,,,,,,,,,
Jaipur,Abu Dhabi,,,,,,,,,
Jaipur,Amritsar,,,,,,,,,
Jaipur,Amritsar,,,,,,,,,
Jaipur,Amritsar,,,,,,,,,
Jaipur,Amritsar,,,,,,,,,
Jaipur,Amritsar,,,,,,,,,
Jaipur,Amritsar,,,,,,,,,
Jaipur,Amritsar,,,,,,,,,
Jaipur,Bangkok,,,,,,,,,
Jaipur,Bangkok,,,,,,,,,
Jaipur,Bengaluru,,,,,,,,,
Jaipur,Bengaluru,,,,,,,,,
Jaipur,Bengaluru,,,,,,,,,
Jaipur,Bengaluru,,,,,,,,,
Jaipur,Bengaluru,,,,,,,,,
Jaipur,Bengaluru,,,,,,,,,
Jaipur,Bengaluru,,,,,,,,,
Jaipur,Bengaluru,,,,,,,,,
Jaipur,Chandigarh,,,,,,,,,
Jaipur,Chandigarh,,,,,,,,,
Jaipur,Chandigarh,,,,,,,,,
Jaipur,Chandigarh,,,,,,,,,
Jaipur,Chennai,,,,,,,,,
Jaipur,Chennai,,,,,,,,,
Jaipur,Chennai,,,,,,,,,
Jaipur,Chennai,,,,,,,,,
Jaipur,Dehra Dun,,,,,,,,,
Jaipur,Dehra Dun,,,,,,,,,
Jaipur,Delhi,,,,,,,,,
Jaipur,Goa,,,,,,,,,
Jaipur,Goa,,,,,,,,,
Jaipur,Goa,,,,,,,,,
Jaipur,Goa,,,,,,,,,
Jaipur,Goa,,,,,,,,,
Jaipur,Goa,,,,,,,,,
Jaipur,Goa,,,,,,,,,
Jaipur,Goa,,,,,,,,,
Jaipur,Goa-New Goa,,,,,,,,,
Jaipur,Goa-New Goa,,,,,,,,,
Jaipur,Kannur,,,,,,,,,
Jaipur,Kannur,,,,,,,,,
Jaipur,Kochi,,,,,,,,,
Jaipur,Kochi,,,,,,,,,
Jaipur,Kochi,,,,,,,,,
Jaipur,Kochi,,,,,,,,,
Jaipur,Kochi,,,,,,,,,
Jaipur,Kolkata,,,,,,,,,
Jaipur,Kolkata,,,,,,,,,
Jaipur,Kolkata,,,,,,,,,
Jaipur,Kuwait,,,,,,,,,
Jaipur,Lucknow,,,,,,,,,
Jaipur,Lucknow,,,,,,,,,
Jaipur,Lucknow,,,,,,,,,
Jaipur,Lucknow,,,,,,,,,
Jaipur,Lucknow,,,,,,,,,
Jaipur,Lucknow,,,,,,,,,
Jaipur,Lucknow,,,,,,,,,
Jaipur,Lucknow,,,,,,,,,
Jaipur,Male,,,,,,,,,
Jaipur,Mumbai,,,,,,,,,
Jaipur,Mumbai,,,,,,,,,
Jaipur,Mumbai,,,,,,,,,
Jaipur,Mumbai,,,,,,,,,
Jaipur,Muscat,,,,,,,,,
Jaipur,Muscat,,,,,,,,,
Jaipur,Nagpur,,,,,,,,,
Jaipur,Nagpur,,,,,,,,,
Jaipur,Nagpur,,,,,,,,,
Jaipur,Nagpur,,,,,,,,,
Jaipur,Nagpur,,,,,,,,,
Jaipur,Nagpur,,,,,,,,,
Jaipur,Patna,,,,,,,,,
Jaipur,Phuket,,,,,,,,,
Jaipur,Phuket,,,,,,,,,
Jaipur,Phuket,,,,,,,,,
Jaipur,Pune,,,,,,,,,
Jaipur,Ranchi,,,,,,,,,
Jaipur,Ranchi,,,,,,,,,
Jaipur,Varanasi,,,,,,,,,
Jammu,Abu Dhabi,,,,,,,,,
Jammu,Ahmedabad,,,,,,,,,
Jammu,Ahmedabad,,,,,,,,,
Jammu,Ahmedabad,,,,,,,,,
Jammu,Ahmedabad,,,,,,,,,
Jammu,Ahmedabad,,,,,,,,,
Jammu,Ahmedabad,,,,,,,,,
Jammu,Ahmedabad,,,,,,,,,
Jammu,Ahmedabad,,,,,,,,,
Jammu,Ahmedabad,,,,,,,,,
Jammu,Bengaluru,,,,,,,,,
Jammu,Bengaluru,,,,,,,,,
Jammu,Chandigarh,,,,,,,,,
Jammu,Delhi,,,,,,,,,
Jammu,Delhi,,,,,,,,,
Jammu,Delhi,,,,,,,,,
Jammu,Delhi,,,,,,,,,
Jammu,Delhi,,,,,,,,,
Jammu,Delhi,,,,,,,,,
Jammu,Delhi,,,,,,,,,
Jammu,Delhi,,,,,,,,,
Jammu,Delhi,,,,,,,,,
Jammu,Delhi,,,,,,,,,
Jammu,Delhi,,,,,,,,,
Jammu,Delhi,,,,,,,,,
Jammu,Delhi,,,,,,,,,
Jammu,Goa,,,,,,,,,
Jammu,Goa,,,,,,,,,
Jammu,Goa,,,,,,,,,
Jammu,Goa,,,,,,,,,
Jammu,Goa,,,,,,,,,
Jammu,Hyderabad,,,,,,,,,
Jammu,Hyderabad,,,,,,,,,
Jammu,Hyderabad,,,,,,,,,
Jammu,Hyderabad,,,,,,,,,
Jammu,Hyderabad,,,,,,,,,
Jammu,Jaipur,,,,,,,,,
Jammu,Jaipur,,,,,,,,,
Jammu,Jaipur,,,,,,,,,
Jammu,Jaipur,,,,,,,,,
Jammu,Kolkata,,,,,,,,,
Jammu,Leh,,,,,,,,,
Jammu,Lucknow,,,,,,,,,
Jammu,Lucknow,,,,,,,,,
Jammu,Lucknow,,,,,,,,,
Jammu,Lucknow,,,,,,,,,
Jammu,Lucknow,,,,,,,,,
Jammu,Mumbai,,,,,,,,,
Jammu,Mumbai,,,,,,,,,
Jammu,Mumbai,,,,,,,,,
Jammu,Mumbai,,,,,,,,,
Jammu,Mumbai,,,,,,,,,
Jammu,Mumbai,,,,,,,,,
Jammu,Mumbai,,,,,,,,,
Jammu,Mumbai,,,,,,,,,
Jammu,Mumbai,,,,,,,,,
Jammu,Mumbai,,,,,,,,,
Jammu,Mumbai,,,,,,,,,
Jammu,Mumbai,,,,,,,,,
Jammu,Mumbai,,,,,,,,,
Jammu,Mumbai,,,,,,,,,
Jammu,Mumbai,,,,,,,,,
Jammu,Mumbai,,,,,,,,,
Jammu,Mumbai,,,,,,,,,
Jammu,Mumbai,,,,,,,,,
Jammu,Mumbai,,,,,,,,,
Jammu,Mumbai,,,,,,,,,
Jammu,Mumbai,,,,,,,,,
Jammu,Mumbai,,,,,,,,,
Jammu,Nagpur,,,,,,,,,
Jammu,Nagpur,,,,,,,,,
Jammu,Nagpur,,,,,,,,,
Jammu,Nagpur,,,,,,,,,
Jammu,Nagpur,,,,,,,,,
Jammu,Patna,,,,,,,,,
Jammu,Patna,,,,,,,,,
Jammu,Phuket,,,,,,,,,
Jammu,Phuket,,,,,,,,,
Jammu,Phuket,,,,,,,,,
Jammu,Phuket,,,,,,,,,
Jammu,Pune,,,,,,,,,
Jammu,Pune,,,,,,,,,
Jammu,Pune,,,,,,,,,
Jammu,Pune,,,,,,,,,
Jammu,Pune,,,,,,,,,
Jammu,Pune,,,,,,,,,
Jammu,Pune,,,,,,,,,
Jammu,Ranchi,,,,,,,,,
Jammu,Ranchi,,,,,,,,,
Jammu,Srinagar,,,,,,,,,
Jammu,Srinagar,,,,,,,,,
Kannur,Abu Dhabi,,,,,,,,,
Kannur,Abu Dhabi,,,,,,,,,
Kannur,Ahmedabad,,,,,,,,,
Kannur,Ahmedabad,,,,,,,,,
Kannur,Ahmedabad,,,,,,,,,
Kannur,Ahmedabad,,,,,,,,,
Kannur,Amritsar,,,,,,,,,
Kannur,Amritsar,,,,,,,,,
Kannur,Chandigarh,,,,,,,,,
Kannur,Chandigarh,,,,,,,,,
Kannur,Chandigarh,,,,,,,,,
Kannur,Dammam,,,,,,,,,
Kannur,Dehra Dun,,,,,,,,,
Kannur,Dehra Dun,,,,,,,,,
Kannur,Delhi,,,,,,,,,
Kannur,Delhi,,,,,,,,,
Kannur,Delhi,,,,,,,,,
Kannur,Dubai,,,,,,,,,
Kannur,Goa,,,,,,,,,
Kannur,Goa,,,,,,,,,
Kannur,Goa,,,,,,,,,
Kannur,Goa-New Goa,,,,,,,,,
Kannur,Jaipur,,,,,,,,,
Kannur,Jammu,,,,,,,,,
Kannur,Kochi,,,,,,,,,
Kannur,Kuwait,,,,,,,,,
Kannur,Lucknow,,,,,,,,,
Kannur,Lucknow,,,,,,,,,
Kannur,Lucknow,,,,,,,,,
Kannur,Male,,,,,,,,,
Kannur,Mumbai,,,,,,,,,
Kannur,Muscat,,,,,,,,,
Kannur,Nagpur,,,,,,,,,
Kannur,Nagpur,,,,,,,,,
Kannur,Patna,,,,,,,,,
Kannur,Ranchi,,,,,,,,,
Kannur,Srinagar,,,,,,,,,
Kannur,Varanasi,,,,,,,,,
Kochi,Abu Dhabi,,,,,,,,,
Kochi,Abu Dhabi,,,,,,,,,
Kochi,Ahmedabad,,,,,,,,,
Kochi,Ahmedabad,,,,,,,,,
Kochi,Ahmedabad,,,,,,,,,
Kochi,Ahmedabad,,,,,,,,,
Kochi,Ahmedabad,,,,,,,,,
Kochi,Ahmedabad,,,,,,,,,
Kochi,Ahmedabad,,,,,,,,,
Kochi,Amritsar,,,,,,,,,
Kochi,Amritsar,,,,,,,,,
Kochi,Amritsar,,,,,,,,,
Kochi,Amritsar,,,,,,,,,
Kochi,Bangkok,,,,,,,,,
Kochi,Bengaluru,,,,,,,,,
Kochi,Chandigarh,,,,,,,,,
Kochi,Chandigarh,,,,,,,,,
Kochi,Chandigarh,,,,,,,,,
Kochi,Chennai,,,,,,,,,
Kochi,Chennai,,,,,,,,,
Kochi,Chennai,,,,,,,,,
Kochi,Dehra Dun,,,,,,,,,
Kochi,Delhi,,,,,,,,,
Kochi,Delhi,,,,,,,,,
Kochi,Delhi,,,,,,,,,
Kochi,Delhi,,,,,,,,,
Kochi,Delhi,,,,,,,,,
Kochi,Delhi,,,,,,,,,
Kochi,Delhi,,,,,,,,,
Kochi,Delhi,,,,,,,,,
Kochi,Delhi,,,,,,,,,
Kochi,Delhi,,,,,,,,,
Kochi,Goa,,,,,,,,,
Kochi,Goa,,,,,,,,,
Kochi,Goa,,,,,,,,,
Kochi,Goa,,,,,,,,,
Kochi,Goa,,,,,,,,,
Kochi,Goa,,,,,,,,,
Kochi,Goa,,,,,,,,,
Kochi,Goa-New Goa,,,,,,,,,
Kochi,Goa-New Goa,,,,,,,,,
Kochi,Jaipur,,,,,,,,,
Kochi,Jaipur,,,,,,,,,
Kochi,Jaipur,,,,,,,,,
Kochi,Jaipur,,,,,,,,,
Kochi,Kannur,,,,,,,,,
Kochi,Kolkata,,,,,,,,,
Kochi,Kuwait,,,,,,,,,
Kochi,Lucknow,,,,,,,,,
Kochi,Lucknow,,,,,,,,,
Kochi,Lucknow,,,,,,,,,
Kochi,Lucknow,,,,,,,,,
Kochi,Male,,,,,,,,,
Kochi,Mumbai,,,,,,,,,
Kochi,Mumbai,,,,,,,,,
Kochi,Mumbai,,,,,,,,,
Kochi,Mumbai,,,,,,,,,
Kochi,Muscat,,,,,,,,,
Kochi,Muscat,,,,,,,,,
Kochi,Nagpur,,,,,,,,,
Kochi,Nagpur,,,,,,,,,
Kochi,Nagpur,,,,,,,,,
Kochi,Nagpur,,,,,,,,,
Kochi,Nagpur,,,,,,,,,
Kochi,Patna,,,,,,,,,
Kochi,Phuket,,,,,,,,,
Kochi,Port Blair,,,,,,,,,
Kochi,Pune,,,,,,,,,
Kochi,Ranchi,,,,,,,,,
Kochi,Ranchi,,,,,,,,,
Kochi,Varanasi,,,,,,,,,
Kochi,Varanasi,,,,,,,,,
Kolkata,Ahmedabad,,,,,,,,,
Kolkata,Ahmedabad,,,,,,,,,
Kolkata,Ahmedabad,,,,,,,,,
Kolkata,Ahmedabad,,,,,,,,,
Kolkata,Ahmedabad,,,,,,,,,
Kolkata,Amritsar,,,,,,,,,
Kolkata,Amritsar,,,,,,,,,
Kolkata,Bagdogra,,,,,,,,,
Kolkata,Bangkok,,,,,,,,,
Kolkata,Bengaluru,,,,,,,,,
Kolkata,Bengaluru,,,,,,,,,
Kolkata,Bengaluru,,,,,,,,,
Kolkata,Bengaluru,,,,,,,,,
Kolkata,Bengaluru,,,,,,,,,
Kolkata,Bengaluru,,,,,,,,,
Kolkata,Bengaluru,,,,,,,,,
Kolkata,Chennai,,,,,,,,,
Kolkata,Chennai,,,,,,,,,
Kolkata,Delhi,,,,,,,,,
Kolkata,Delhi,,,,,,,,,
Kolkata,Delhi,,,,,,,,,
Kolkata,Delhi,,,,,,,,,
Kolkata,Delhi,,,,,,,,,
Kolkata,Delhi,,,,,,,,,
Kolkata,Delhi,,,,,,,,,
Kolkata,Delhi,,,,,,,,,
Kolkata,Delhi,,,,,,,,,
Kolkata,Delhi,,,,,,,,,
Kolkata,Delhi,,,,,,,,,
Kolkata,Goa,,,,,,,,,
Kolkata,Goa,,,,,,,,,
Kolkata,Goa,,,,,,,,,
Kolkata,Goa,,,,,,,,,
Kolkata,Goa,,,,,,,,,
Kolkata,Guwahati,,,,,,,,,
Kolkata,Guwahati,,,,,,,,,
Kolkata,Hyderabad,,,,,,,,,
Kolkata,Jaipur,,,,,,,,,
Kolkata,Jaipur,,,,,,,,,
Kolkata,Kochi,,,,,,,,,
Kolkata,Lucknow,,,,,,,,,
Kolkata,Mumbai,,,,,,,,,
Kolkata,Mumbai,,,,,,,,,
Kolkata,Mumbai,,,,,,,,,
Kolkata,Mumbai,,,,,,,,,
Kolkata,Mumbai,,,,,,,,,
Kolkata,Mumbai,,,,,,,,,
Kolkata,Mumbai,,,,,,,,,
Kolkata,Mumbai,,,,,,,,,
Kolkata,Mumbai,,,,,,,,,
Kolkata,Mumbai,,,,,,,,,
Kolkata,Mumbai,,,,,,,,,
Kolkata,Muscat,,,,,,,,,
Kolkata,Nagpur,,,,,,,,,
Kolkata,Nagpur,,,,,,,,,
Kolkata,Nagpur,,,,,,,,,
Kolkata,Nagpur,,,,,,,,,
Kolkata,Phuket,,,,,,,,,
Kolkata,Phuket,,,,,,,,,
Kolkata,Phuket,,,,,,,,,
Kolkata,Phuket,,,,,,,,,
Kolkata,Port Blair,,,,,,,,,
Kolkata,Pune,,,,,,,,,
Kolkata,Pune,,,,,,,,,
Kolkata,Pune,,,,,,,,,
Kolkata,Pune,,,,,,,,,
Kuwait,Ahmedabad,,,,,,,,,
Kuwait,Ahmedabad,,,,,,,,,
Kuwait,Amritsar,,,,,,,,,
Kuwait,Bengaluru,,,,,,,,,
Kuwait,Chandigarh,,,,,,,,,
Kuwait,Delhi,,,,,,,,,
Kuwait,Delhi,,,,,,,,,
Kuwait,Delhi,,,,,,,,,
Kuwait,Goa,,,,,,,,,
Kuwait,Goa,,,,,,,,,
Kuwait,Goa,,,,,,,,,
Kuwait,Goa-New Goa,,,,,,,,,
Kuwait,Jaipur,,,,,,,,,
Kuwait,Jaipur,,,,,,,,,
Kuwait,Jammu,,,,,,,,,
Kuwait,Kannur,,,,,,,,,
Kuwait,Kannur,,,,,,,,,
Kuwait,Kochi,,,,,,,,,
Kuwait,Lucknow,,,,,,,,,
Kuwait,Lucknow,,,,,,,,,
Kuwait,Lucknow,,,,,,,,,
Kuwait,Mumbai,,,,,,,,,
Kuwait,Mumbai,,,,,,,,,
Kuwait,Patna,,,,,,,,,
Kuwait,Ranchi,,,,,,,,,
Kuwait,Varanasi,,,,,,,,,
Leh,Abu Dhabi,,,,,,,,,
Leh,Abu Dhabi,,,,,,,,,
Leh,Abu Dhabi,,,,,,,,,
Leh,Abu Dhabi,,,,,,,,,
Leh,Ahmedabad,,,,,,,,,
Leh,Ahmedabad,,,,,,,,,
Leh,Ahmedabad,,,,,,,,,
Leh,Ahmedabad,,,,,,,,,
Leh,Ahmedabad,,,,,,,,,
Leh,Ahmedabad,,,,,,,,,
Leh,Ahmedabad,,,,,,,,,
Leh,Ahmedabad,,,,,,,,,
Leh,Ahmedabad,,,,,,,,,
Leh,Ahmedabad,,,,,,,,,
Leh,Bagdogra,,,,,,,,,
Leh,Bagdogra,,,,,,,,,
Leh,Bagdogra,,,,,,,,,
Leh,Bagdogra,,,,,,,,,
Leh,Bengaluru,,,,,,,,,
Leh,Bengaluru,,,,,,,,,
Leh,Bengaluru,,,,,,,,,
Leh,Bengaluru,,,,,,,,,
Leh,Chandigarh,,,,,,,,,
Leh,Delhi,,,,,,,,,
Leh,Delhi,,,,,,,,,
Leh,Delhi,,,,,,,,,
Leh,Delhi,,,,,,,,,
Leh,Delhi,,,,,,,,,
Leh,Delhi,,,,,,,,,
Leh,Delhi,,,,,,,,,
Leh,Delhi,,,,,,,,,
Leh,Delhi,,,,,,,,,
Leh,Goa,,,,,,,,,
Leh,Goa,,,,,,,,,
Leh,Goa,,,,,,,,,
Leh,Goa,,,,,,,,,
Leh,Goa,,,,,,,,,
Leh,Guwahati,,,,,,,,,
Leh,Guwahati,,,,,,,,,
Leh,Hyderabad,,,,,,,,,
Leh,Hyderabad,,,,,,,,,
Leh,Hyderabad,,,,,,,,,
Leh,Hyderabad,,,,,,,,,
Leh,Jaipur,,,,,,,,,
Leh,Jaipur,,,,,,,,,
Leh,Jammu,,,,,,,,,
Leh,Lucknow,,,,,,,,,
Leh,Lucknow,,,,,,,,,
Leh,Mumbai,,,,,,,,,
Leh,Mumbai,,,,,,,,,
Leh,Mumbai,,,,,,,,,
Leh,Mumbai,,,,,,,,,
Leh,Mumbai,,,,,,,,,
Leh,Mumbai,,,,,,,,,
Leh,Mumbai,,,,,,,,,
Leh,Mumbai,,,,,,,,,
Leh,Mumbai,,,,,,,,,
Leh,Mumbai,,,,,,,,,
Leh,Mumbai,,,,,,,,,
Leh,Mumbai,,,,,,,,,
Leh,Mumbai,,,,,,,,,
Leh,Mumbai,,,,,,,,,
Leh,Mumbai,,,,,,,,,
Leh,Mumbai,,,,,,,,,
Leh,Mumbai,,,,,,,,,
Leh,Mumbai,,,,,,,,,
Leh,Mumbai,,,,,,,,,
Leh,Mumbai,,,,,,,,,
Leh,Mumbai,,,,,,,,,
Leh,Nagpur,,,,,,,,,
Leh,Nagpur,,,,,,,,,
Leh,Nagpur,,,,,,,,,
Leh,Nagpur,,,,,,,,,
Leh,Patna,,,,,,,,,
Leh,Patna,,,,,,,,,
Leh,Patna,,,,,,,,,
Leh,Patna,,,,,,,,,
Leh,Patna,,,,,,,,,
Leh,Patna,,,,,,,,,
Leh,Pune,,,,,,,,,
Leh,Pune,,,,,,,,,
Leh,Pune,,,,,,,,,
Leh,Pune,,,,,,,,,
Leh,Pune,,,,,,,,,
Leh,Pune,,,,,,,,,
Leh,Pune,,,,,,,,,
Leh,Pune,,,,,,,,,
Leh,Pune,,,,,,,,,
Leh,Pune,,,,,,,,,
Leh,Ranchi,,,,,,,,,
Leh,Ranchi,,,,,,,,,
Leh,Ranchi,,,,,,,,,
Leh,Ranchi,,,,,,,,,
Leh,Ranchi,,,,,,,,,
Leh,Ranchi,,,,,,,,,
Leh,Ranchi,,,,,,,,,
Leh,Ranchi,,,,,,,,,
Leh,Ranchi,,,,,,,,,
Leh,Srinagar,,,,,,,,,
Leh,Srinagar,,,,,,,,,
Leh,Srinagar,,,,,,,,,
Leh,Srinagar,,,,,,,,,
Leh,Srinagar,,,,,,,,,
Leh,Srinagar,,,,,,,,,
Leh,Srinagar,,,,,,,,,
Leh,Srinagar,,,,,,,,,
Leh,Srinagar,,,,,,,,,
Leh,Srinagar,,,,,,,,,
Leh,Srinagar,,,,,,,,,
Leh,Srinagar,,,,,,,,,
Leh,Srinagar,,,,,,,,,
Lucknow,Abu Dhabi,,,,,,,,,
Lucknow,Abu Dhabi,,,,,,,,,
Lucknow,Abu Dhabi,,,,,,,,,
Lucknow,Abu Dhabi,,,,,,,,,
Lucknow,Abu Dhabi,,,,,,,,,
Lucknow,Ahmedabad,,,,,,,,,
Lucknow,Ahmedabad,,,,,,,,,
Lucknow,Ahmedabad,,,,,,,,,
Lucknow,Ahmedabad,,,,,,,,,
Lucknow,Ahmedabad,,,,,,,,,
Lucknow,Ahmedabad,,,,,,,,,
Lucknow,Ahmedabad,,,,,,,,,
Lucknow,Ahmedabad,,,,,,,,,
Lucknow,Ahmedabad,,,,,,,,,
Lucknow,Ahmedabad,,,,,,,,,
Lucknow,Ahmedabad,,,,,,,,,
Lucknow,Ahmedabad,,,,,,,,,
Lucknow,Ahmedabad,,,,,,,,,
Lucknow,Ahmedabad,,,,,,,,,
Lucknow,Ahmedabad,,,,,,,,,
Lucknow,Ahmedabad,,,,,,,,,
Lucknow,Ahmedabad,,,,,,,,,
Lucknow,Ahmedabad,,,,,,,,,
Lucknow,Amritsar,,,,,,,,,
Lucknow,Amritsar,,,,,,,,,
Lucknow,Amritsar,,,,,,,,,
Lucknow,Amritsar,,,,,,,,,
Lucknow,Amritsar,,,,,,,,,
Lucknow,Amritsar,,,,,,,,,
Lucknow,Amritsar,,,,,,,,,
Lucknow,Amritsar,,,,,,,,,
Lucknow,Amritsar,,,,,,,,,
Lucknow,Amritsar,,,,,,,,,
Lucknow,Amritsar,,,,,,,,,
Lucknow,Bagdogra,,,,,,,,,
Lucknow,Bagdogra,,,,,,,,,
Lucknow,Bangkok,,,,,,,,,
Lucknow,Bangkok,,,,,,,,,
Lucknow,Bangkok,,,,,,,,,
Lucknow,Bengaluru,,,,,,,,,
Lucknow,Bengaluru,,,,,,,,,
Lucknow,Bengaluru,,,,,,,,,
Lucknow,Bengaluru,,,,,,,,,
Lucknow,Bengaluru,,,,,,,,,
Lucknow,Bengaluru,,,,,,,,,
Lucknow,Bengaluru,,,,,,,,,
Lucknow,Bengaluru,,,,,,,,,
Lucknow,Bengaluru,,,,,,,,,
Lucknow,Bengaluru,,,,,,,,,
Lucknow,Chennai,,,,,,,,,
Lucknow,Chennai,,,,,,,,,
Lucknow,Chennai,,,,,,,,,
Lucknow,Chennai,,,,,,,,,
Lucknow,Chennai,,,,,,,,,
Lucknow,Delhi,,,,,,,,,
Lucknow,Delhi,,,,,,,,,
Lucknow,Goa,,,,,,,,,
Lucknow,Goa,,,,,,,,,
Lucknow,Goa,,,,,,,,,
Lucknow,Goa,,,,,,,,,
Lucknow,Goa,,,,,,,,,
Lucknow,Goa,,,,,,,,,
Lucknow,Goa,,,,,,,,,
Lucknow,Goa,,,,,,,,,
Lucknow,Goa,,,,,,,,,
Lucknow,Goa,,,,,,,,,
Lucknow,Goa,,,,,,,,,
Lucknow,Goa,,,,,,,,,
Lucknow,Goa,,,,,,,,,
Lucknow,Goa,,,,,,,,,
Lucknow,Goa,,,,,,,,,
Lucknow,Goa,,,,,,,,,
Lucknow,Goa,,,,,,,,,
Lucknow,Goa,,,,,,,,,
Lucknow,Goa-New Goa,,,,,,,,,
Lucknow,Goa-New Goa,,,,,,,,,
Lucknow,Goa-New Goa,,,,,,,,,
Lucknow,Guwahati,,,,,,,,,
Lucknow,Hyderabad,,,,,,,,,
Lucknow,Jaipur,,,,,,,,,
Lucknow,Jammu,,,,,,,,,
Lucknow,Kannur,,,,,,,,,
Lucknow,Kannur,,,,,,,,,
Lucknow,Kannur,,,,,,,,,
Lucknow,Kochi,,,,,,,,,
Lucknow,Kochi,,,,,,,,,
Lucknow,Kochi,,,,,,,,,
Lucknow,Kochi,,,,,,,,,
Lucknow,Kochi,,,,,,,,,
Lucknow,Kolkata,,,,,,,,,
Lucknow,Kolkata,,,,,,,,,
Lucknow,Kuwait,,,,,,,,,
Lucknow,Kuwait,,,,,,,,,
Lucknow,Male,,,,,,,,,
Lucknow,Male,,,,,,,,,
Lucknow,Mumbai,,,,,,,,,
Lucknow,Mumbai,,,,,,,,,
Lucknow,Mumbai,,,,,,,,,
Lucknow,Mumbai,,,,,,,,,
Lucknow,Mumbai,,,,,,,,,
Lucknow,Mumbai,,,,,,,,,
Lucknow,Mumbai,,,,,,,,,
Lucknow,Mumbai,,,,,,,,,
Lucknow,Mumbai,,,,,,,,,
Lucknow,Mumbai,,,,,,,,,
Lucknow,Mumbai,,,,,,,,,
Lucknow,Mumbai,,,,,,,,,
Lucknow,Mumbai,,,,,,,,,
Lucknow,Muscat,,,,,,,,,
Lucknow,Muscat,,,,,,,,,
Lucknow,Muscat,,,,,,,,,
Lucknow,Nagpur,,,,,,,,,
Lucknow,Nagpur,,,,,,,,,
Lucknow,Nagpur,,,,,,,,,
Lucknow,Nagpur,,,,,,,,,
Lucknow,Nagpur,,,,,,,,,
Lucknow,Nagpur,,,,,,,,,
Lucknow,Nagpur,,,,,,,,,
Lucknow,Nagpur,,,,,,,,,
Lucknow,Nagpur,,,,,,,,,
Lucknow,Nagpur,,,,,,,,,
Lucknow,Nagpur,,,,,,,,,
Lucknow,Patna,,,,,,,,,
Lucknow,Patna,,,,,,,,,
Lucknow,Patna,,,,,,,,,
Lucknow,Patna,,,,,,,,,
Lucknow,Patna,,,,,,,,,
Lucknow,Patna,,,,,,,,,
Lucknow,Phuket,,,,,,,,,
Lucknow,Phuket,,,,,,,,,
Lucknow,Phuket,,,,,,,,,
Lucknow,Phuket,,,,,,,,,
Lucknow,Pune,,,,,,,,,
Lucknow,Pune,,,,,,,,,
Lucknow,Pune,,,,,,,,,
Lucknow,Pune,,,,,,,,,
Lucknow,Pune,,,,,,,,,
Lucknow,Ranchi,,,,,,,,,
Lucknow,Ranchi,,,,,,,,,
Lucknow,Ranchi,,,,,,,,,
Lucknow,Ranchi,,,,,,,,,
Lucknow,Ranchi,,,,,,,,,
Lucknow,Ranchi,,,,,,,,,
Lucknow,Srinagar,,,,,,,,,
Lucknow,Srinagar,,,,,,,,,
Lucknow,Srinagar,,,,,,,,,
Lucknow,Srinagar,,,,,,,,,
Lucknow,Srinagar,,,,,,,,,
Lucknow,Srinagar,,,,,,,,,
Lucknow,Srinagar,,,,,,,,,
Lucknow,Varanasi,,,,,,,,,
Male,Abu Dhabi,,,,,,,,,
Male,Ahmedabad,,,,,,,,,
Male,Ahmedabad,,,,,,,,,
Male,Ahmedabad,,,,,,,,,
Male,Ahmedabad,,,,,,,,,
Male,Ahmedabad,,,,,,,,,
Male,Amritsar,,,,,,,,,
Male,Amritsar,,,,,,,,,
Male,Bangkok,,,,,,,,,
Male,Bengaluru,,,,,,,,,
Male,Bengaluru,,,,,,,,,
Male,Bengaluru,,,,,,,,,
Male,Bengaluru,,,,,,,,,
Male,Chennai,,,,,,,,,
Male,Chennai,,,,,,,,,
Male,Delhi,,,,,,,,,
Male,Delhi,,,,,,,,,
Male,Delhi,,,,,,,,,
Male,Delhi,,,,,,,,,
Male,Delhi,,,,,,,,,
Male,Delhi,,,,,,,,,
Male,Delhi,,,,,,,,,
Male,Delhi,,,,,,,,,
Male,Delhi,,,,,,,,,
Male,Goa,,,,,,,,,
Male,Goa,,,,,,,,,
Male,Jaipur,,,,,,,,,
Male,Kochi,,,,,,,,,
Male,Kolkata,,,,,,,,,
Male,Kolkata,,,,,,,,,
Male,Leh,,,,,,,,,
Male,Leh,,,,,,,,,
Male,Leh,,,,,,,,,
Male,Leh,,,,,,,,,
Male,Leh,,,,,,,,,
Male,Leh,,,,,,,,,
Male,Lucknow,,,,,,,,,
Male,Lucknow,,,,,,,,,
Male,Mumbai,,,,,,,,,
Male,Mumbai,,,,,,,,,
Male,Mumbai,,,,,,,,,
Male,Mumbai,,,,,,,,,
Male,Mumbai,,,,,,,,,
Male,Mumbai,,,,,,,,,
Male,Muscat,,,,,,,,,
Male,Nagpur,,,,,,,,,
Male,Nagpur,,,,,,,,,
Male,Nagpur,,,,,,,,,
Male,Phuket,,,,,,,,,
Male,Phuket,,,,,,,,,
Male,Pune,,,,,,,,,
Male,Srinagar,,,,,,,,,
Mumbai,Abu Dhabi,,,,,,,,,
Mumbai,Abu Dhabi,,,,,,,,,
Mumbai,Abu Dhabi,,,,,,,,,
Mumbai,Abu Dhabi,,,,,,,,,
Mumbai,Abu Dhabi,,,,,,,,,
Mumbai,Abu Dhabi,,,,,,,,,
Mumbai,Abu Dhabi,,,,,,,,,
Mumbai,Abu Dhabi,,,,,,,,,
Mumbai,Ahmedabad,,,,,,,,,
Mumbai,Ahmedabad,,,,,,,,,
Mumbai,Ahmedabad,,,,,,,,,
Mumbai,Ahmedabad,,,,,,,,,
Mumbai,Ahmedabad,,,,,,,,,
Mumbai,Ahmedabad,,,,,,,,,
Mumbai,Ahmedabad,,,,,,,,,
Mumbai,Ahmedabad,,,,,,,,,
Mumbai,Ahmedabad,,,,,,,,,
Mumbai,Ahmedabad,,,,,,,,,
Mumbai,Amritsar,,,,,,,,,
Mumbai,Amritsar,,,,,,,,,
Mumbai,Amritsar,,,,,,,,,
Mumbai,Amritsar,,,,,,,,,
Mumbai,Amritsar,,,,,,,,,
Mumbai,Bagdogra,,,,,,,,,
Mumbai,Bagdogra,,,,,,,,,
Mumbai,Bagdogra,,,,,,,,,
Mumbai,Bagdogra,,,,,,,,,
Mumbai,Bagdogra,,,,,,,,,
Mumbai,Bagdogra,,,,,,,,,
Mumbai,Bagdogra,,,,,,,,,
Mumbai,Bagdogra,,,,,,,,,
Mumbai,Bagdogra,,,,,,,,,
Mumbai,Bagdogra,,,,,,,,,
Mumbai,Bangkok,,,,,,,,,
Mumbai,Bangkok,,,,,,,,,
Mumbai,Bangkok,,,,,,,,,
Mumbai,Bangkok,,,,,,,,,
Mumbai,Bangkok,,,,,,,,,
Mumbai,Bangkok,,,,,,,,,
Mumbai,Bengaluru,,,,,,,,,
Mumbai,Bengaluru,,,,,,,,,
Mumbai,Bengaluru,,,,,,,,,
Mumbai,Bengaluru,,,,,,,,,
Mumbai,Bengaluru,,,,,,,,,
Mumbai,Bengaluru,,,,,,,,,
Mumbai,Bengaluru,,,,,,,,,
Mumbai,Chandigarh,,,,,,,,,
Mumbai,Chandigarh,,,,,,,,,
Mumbai,Chandigarh,,,,,,,,,
Mumbai,Chandigarh,,,,,,,,,
Mumbai,Chandigarh,,,,,,,,,
Mumbai,Chandigarh,,,,,,,,,
Mumbai,Chandigarh,,,,,,,,,
Mumbai,Chandigarh,,,,,,,,,
Mumbai,Chandigarh,,,,,,,,,
Mumbai,Chandigarh,,,,,,,,,
Mumbai,Chennai,,,,,,,,,
Mumbai,Chennai,,,,,,,,,
Mumbai,Chennai,,,,,,,,,
Mumbai,Dammam,,,,,,,,,
Mumbai,Dehra Dun,,,,,,,,,
Mumbai,Dehra Dun,,,,,,,,,
Mumbai,Delhi,,,,,,,,,
Mumbai,Delhi,,,,,,,,,
Mumbai,Delhi,,,,,,,,,
Mumbai,Delhi,,,,,,,,,
Mumbai,Delhi,,,,,,,,,
Mumbai,Delhi,,,,,,,,,
Mumbai,Delhi,,,,,,,,,
Mumbai,Delhi,,,,,,,,,
Mumbai,Delhi,,,,,,,,,
Mumbai,Delhi,,,,,,,,,
Mumbai,Delhi,,,,,,,,,
Mumbai,Delhi,,,,,,,,,
Mumbai,Delhi,,,,,,,,,
Mumbai,Delhi,,,,,,,,,
Mumbai,Delhi,,,,,,,,,
Mumbai,Delhi,,,,,,,,,
Mumbai,Delhi,,,,,,,,,
Mumbai,Delhi,,,,,,,,,
Mumbai,Delhi,,,,,,,,,
Mumbai,Delhi,,,,,,,,,
Mumbai,Delhi,,,,,,,,,
Mumbai,Delhi,,,,,,,,,
Mumbai,Delhi,,,,,,,,,
Mumbai,Delhi,,,,,,,,,
Mumbai,Delhi,,,,,,,,,
Mumbai,Delhi,,,,,,,,,
Mumbai,Delhi,,,,,,,,,
Mumbai,Delhi,,,,,,,,,
Mumbai,Delhi,,,,,,,,,
Mumbai,Delhi,,,,,,,,,
Mumbai,Delhi,,,,,,,,,
Mumbai,Delhi,,,,,,,,,
Mumbai,Delhi,,,,,,,,,
Mumbai,Delhi,,,,,,,,,
Mumbai,Delhi,,,,,,,,,
Mumbai,Delhi,,,,,,,,,
Mumbai,Delhi,,,,,,,,,
Mumbai,Delhi,,,,,,,,,
Mumbai,Delhi,,,,,,,,,
Mumbai,Delhi,,,,,,,,,
Mumbai,Delhi,,,,,,,,,
Mumbai,Delhi,,,,,,,,,
Mumbai,Delhi,,,,,,,,,
Mumbai,Delhi,,,,,,,,,
Mumbai,Delhi,,,,,,,,,
Mumbai,Delhi,,,,,,,,,
Mumbai,Delhi,,,,,,,,,
Mumbai,Delhi,,,,,,,,,
Mumbai,Delhi,,,,,,,,,
Mumbai,Delhi,,,,,,,,,
Mumbai,Delhi,,,,,,,,,
Mumbai,Goa,,,,,,,,,
Mumbai,Goa,,,,,,,,,
Mumbai,Goa,,,,,,,,,
Mumbai,Goa,,,,,,,,,
Mumbai,Goa,,,,,,,,,
Mumbai,Goa,,,,,,,,,
Mumbai,Goa,,,,,,,,,
Mumbai,Goa-New Goa,,,,,,,,,
Mumbai,Guwahati,,,,,,,,,
Mumbai,Guwahati,,,,,,,,,
Mumbai,Guwahati,,,,,,,,,
Mumbai,Guwahati,,,,,,,,,
Mumbai,Guwahati,,,,,,,,,
Mumbai,Hyderabad,,,,,,,,,
Mumbai,Hyderabad,,,,,,,,,
Mumbai,Hyderabad,,,,,,,,,
Mumbai,Hyderabad,,,,,,,,,
Mumbai,Hyderabad,,,,,,,,,
Mumbai,Jaipur,,,,,,,,,
Mumbai,Jaipur,,,,,,,,,
Mumbai,Jaipur,,,,,,,,,
Mumbai,Jaipur,,,,,,,,,
Mumbai,Jaipur,,,,,,,,,
Mumbai,Jammu,,,,,,,,,
Mumbai,Jammu,,,,,,,,,
Mumbai,Jammu,,,,,,,,,
Mumbai,Jammu,,,,,,,,,
Mumbai,Jammu,,,,,,,,,
Mumbai,Kannur,,,,,,,,,
Mumbai,Kochi,,,,,,,,,
Mumbai,Kochi,,,,,,,,,
Mumbai,Kochi,,,,,,,,,
Mumbai,Kolkata,,,,,,,,,
Mumbai,Kolkata,,,,,,,,,
Mumbai,Kolkata,,,,,,,,,
Mumbai,Kolkata,,,,,,,,,
Mumbai,Kolkata,,,,,,,,,
Mumbai,Kolkata,,,,,,,,,
Mumbai,Kolkata,,,,,,,,,
Mumbai,Kolkata,,,,,,,,,
Mumbai,Kolkata,,,,,,,,,
Mumbai,Kuwait,,,,,,,,,
Mumbai,Kuwait,,,,,,,,,
Mumbai,Leh,,,,,,,,,
Mumbai,Leh,,,,,,,,,
Mumbai,Leh,,,,,,,,,
Mumbai,Leh,,,,,,,,,
Mumbai,Leh,,,,,,,,,
Mumbai,Leh,,,,,,,,,
Mumbai,Leh,,,,,,,,,
Mumbai,Leh,,,,,,,,,
Mumbai,Leh,,,,,,,,,
Mumbai,Leh,,,,,,,,,
Mumbai,Leh,,,,,,,,,
Mumbai,Leh,,,,,,,,,
Mumbai,Leh,,,,,,,,,
Mumbai,Leh,,,,,,,,,
Mumbai,Leh,,,,,,,,,
Mumbai,Leh,,,,,,,,,
Mumbai,Leh,,,,,,,,,
Mumbai,Leh,,,,,,,,,
Mumbai,Leh,,,,,,,,,
Mumbai,Leh,,,,,,,,,
Mumbai,Leh,,,,,,,,,
Mumbai,Leh,,,,,,,,,
Mumbai,Leh,,,,,,,,,
Mumbai,Leh,,,,,,,,,
Mumbai,Leh,,,,,,,,,
Mumbai,Lucknow,,,,,,,,,
Mumbai,Lucknow,,,,,,,,,
Mumbai,Lucknow,,,,,,,,,
Mumbai,Lucknow,,,,,,,,,
Mumbai,Lucknow,,,,,,,,,
Mumbai,Lucknow,,,,,,,,,
Mumbai,Lucknow,,,,,,,,,
Mumbai,Lucknow,,,,,,,,,
Mumbai,Lucknow,,,,,,,,,
Mumbai,Lucknow,,,,,,,,,
Mumbai,Lucknow,,,,,,,,,
Mumbai,Lucknow,,,,,,,,,
Mumbai,Lucknow,,,,,,,,,
Mumbai,Male,,,,,,,,,
Mumbai,Male,,,,,,,,,
Mumbai,Male,,,,,,,,,
Mumbai,Male,,,,,,,,,
Mumbai,Male,,,,,,,,,
Mumbai,Male,,,,,,,,,
Mumbai,Male,,,,,,,,,
Mumbai,Male,,,,,,,,,
Mumbai,Male,,,,,,,,,
Mumbai,Muscat,,,,,,,,,
Mumbai,Muscat,,,,,,,,,
Mumbai,Nagpur,,,,,,,,,
Mumbai,Nagpur,,,,,,,,,
Mumbai,Nagpur,,,,,,,,,
Mumbai,Nagpur,,,,,,,,,
Mumbai,Patna,,,,,,,,,
Mumbai,Patna,,,,,,,,,
Mumbai,Patna,,,,,,,,,
Mumbai,Patna,,,,,,,,,
Mumbai,Patna,,,,,,,,,
Mumbai,Patna,,,,,,,,,
Mumbai,Patna,,,,,,,,,
Mumbai,Patna,,,,,,,,,
Mumbai,Patna,,,,,,,,,
Mumbai,Patna,,,,,,,,,
Mumbai,Patna,,,,,,,,,
Mumbai,Patna,,,,,,,,,
Mumbai,Patna,,,,,,,,,
Mumbai,Patna,,,,,,,,,
Mumbai,Patna,,,,,,,,,
Mumbai,Patna,,,,,,,,,
Mumbai,Patna,,,,,,,,,
Mumbai,Patna,,,,,,,,,
Mumbai,Patna,,,,,,,,,
Mumbai,Patna,,,,,,,,,
Mumbai,Patna,,,,,,,,,
Mumbai,Patna,,,,,,,,,
Mumbai,Phuket,,,,,,,,,
Mumbai,Phuket,,,,,,,,,
Mumbai,Phuket,,,,,,,,,
Mumbai,Phuket,,,,,,,,,
Mumbai,Phuket,,,,,,,,,
Mumbai,Phuket,,,,,,,,,
Mumbai,Phuket,,,,,,,,,
Mumbai,Phuket,,,,,,,,,
Mumbai,Phuket,,,,,,,,,
Mumbai,Port Blair,,,,,,,,,
Mumbai,Port Blair,,,,,,,,,
Mumbai,Port Blair,,,,,,,,,
Mumbai,Port Blair,,,,,,,,,
Mumbai,Port Blair,,,,,,,,,
Mumbai,Pune,,,,,,,,,
Mumbai,Pune,,,,,,,,,
Mumbai,Pune,,,,,,,,,
Mumbai,Pune,,,,,,,,,
Mumbai,Pune,,,,,,,,,
Mumbai,Pune,,,,,,,,,
Mumbai,Pune,,,,,,,,,
Mumbai,Pune,,,,,,,,,
Mumbai,Pune,,,,,,,,,
Mumbai,Pune,,,,,,,,,
Mumbai,Pune,,,,,,,,,
Mumbai,Pune,,,,,,,,,
Mumbai,Pune,,,,,,,,,
Mumbai,Pune,,,,,,,,,
Mumbai,Pune,,,,,,,,,
Mumbai,Pune,,,,,,,,,
Mumbai,Pune,,,,,,,,,
Mumbai,Pune,,,,,,,,,
Mumbai,Pune,,,,,,,,,
Mumbai,Pune,,,,,,,,,
Mumbai,Pune,,,,,,,,,
Mumbai,Pune,,,,,,,,,
Mumbai,Pune,,,,,,,,,
Mumbai,Pune,,,,,,,,,
Mumbai,Pune,,,,,,,,,
Mumbai,Pune,,,,,,,,,
Mumbai,Pune,,,,,,,,,
Mumbai,Pune,,,,,,,,,
Mumbai,Pune,,,,,,,,,
Mumbai,Pune,,,,,,,,,
Mumbai,Pune,,,,,,,,,
Mumbai,Pune,,,,,,,,,
Mumbai,Pune,,,,,,,,,
Mumbai,Ranchi,,,,,,,,,
Mumbai,Ranchi,,,,,,,,,
Mumbai,Ranchi,,,,,,,,,
Mumbai,Ranchi,,,,,,,,,
Mumbai,Ranchi,,,,,,,,,
Mumbai,Ranchi,,,,,,,,,
Mumbai,Ranchi,,,,,,,,,
Mumbai,Ranchi,,,,,,,,,
Mumbai,Ranchi,,,,,,,,,
Mumbai,Ranchi,,,,,,,,,
Mumbai,Ranchi,,,,,,,,,
Mumbai,Ranchi,,,,,,,,,
Mumbai,Ranchi,,,,,,,,,
Mumbai,Ranchi,,,,,,,,,
Mumbai,Ranchi,,,,,,,,,
Mumbai,Ranchi,,,,,,,,,
Mumbai,Srinagar,,,,,,,,,
Mumbai,Srinagar,,,,,,,,,
Mumbai,Srinagar,,,,,,,,,
Mumbai,Srinagar,,,,,,,,,
Mumbai,Srinagar,,,,,,,,,
Mumbai,Srinagar,,,,,,,,,
Mumbai,Srinagar,,,,,,,,,
Mumbai,Srinagar,,,,,,,,,
Mumbai,Srinagar,,,,,,,,,
Mumbai,Srinagar,,,,,,,,,
Mumbai,Srinagar,,,,,,,,,
Mumbai,Srinagar,,,,,,,,,
Mumbai,Srinagar,,,,,,,,,
Mumbai,Srinagar,,,,,,,,,
Mumbai,Srinagar,,,,,,,,,
Mumbai,Srinagar,,,,,,,,,
Mumbai,Srinagar,,,,,,,,,
Mumbai,Srinagar,,,,,,,,,
Mumbai,Srinagar,,,,,,,,,
Mumbai,Srinagar,,,,,,,,,
Mumbai,Srinagar,,,,,,,,,
Mumbai,Srinagar,,,,,,,,,
Mumbai,Srinagar,,,,,,,,,
Mumbai,Srinagar,,,,,,,,,
Mumbai,Srinagar,,,,,,,,,
Mumbai,Srinagar,,,,,,,,,
Mumbai,Srinagar,,,,,,,,,
Mumbai,Srinagar,,,,,,,,,
Mumbai,Srinagar,,,,,,,,,
Mumbai,Srinagar,,,,,,,,,
Mumbai,Srinagar,,,,,,,,,
Mumbai,Srinagar,,,,,,,,,
Mumbai,Srinagar,,,,,,,,,
Mumbai,Srinagar,,,,,,,,,
Mumbai,Srinagar,,,,,,,,,
Mumbai,Srinagar,,,,,,,,,
Mumbai,Srinagar,,,,,,,,,
Mumbai,Srinagar,,,,,,,,,
Mumbai,Srinagar,,,,,,,,,
Mumbai,Srinagar,,,,,,,,,
Mumbai,Srinagar,,,,,,,,,
Mumbai,Srinagar,,,,,,,,,
Mumbai,Varanasi,,,,,,,,,
Mumbai,Varanasi,,,,,,,,,
Mumbai,Varanasi,,,,,,,,,
Mumbai,Varanasi,,,,,,,,,
Mumbai,Varanasi,,,,,,,,,
Mumbai,Varanasi,,,,,,,,,
Mumbai,Varanasi,,,,,,,,,
Mumbai,Varanasi,,,,,,,,,
Mumbai,Varanasi,,,,,,,,,
Mumbai,Varanasi,,,,,,,,,
Mumbai,Varanasi,,,,,,,,,
Mumbai,Varanasi,,,,,,,,,
Muscat,Ahmedabad,,,,,,,,,
Muscat,Ahmedabad,,,,,,,,,
Muscat,Ahmedabad,,,,,,,,,
Muscat,Ahmedabad,,,,,,,,,
Muscat,Amritsar,,,,,,,,,
Muscat,Amritsar,,,,,,,,,
Muscat,Bengaluru,,,,,,,,,
Muscat,Chandigarh,,,,,,,,,
Muscat,Chandigarh,,,,,,,,,
Muscat,Chandigarh,,,,,,,,,
Muscat,Chandigarh,,,,,,,,,
Muscat,Dehra Dun,,,,,,,,,
Muscat,Dehra Dun,,,,,,,,,
Muscat,Delhi,,,,,,,,,
Muscat,Delhi,,,,,,,,,
Muscat,Delhi,,,,,,,,,
Muscat,Delhi,,,,,,,,,
Muscat,Delhi,,,,,,,,,
Muscat,Delhi,,,,,,,,,
Muscat,Goa,,,,,,,,,
Muscat,Goa,,,,,,,,,
Muscat,Goa,,,,,,,,,
Muscat,Goa,,,,,,,,,
Muscat,Goa-New Goa,,,,,,,,,
Muscat,Jaipur,,,,,,,,,
Muscat,Jaipur,,,,,,,,,
Muscat,Jammu,,,,,,,,,
Muscat,Kannur,,,,,,,,,
Muscat,Kannur,,,,,,,,,
Muscat,Kochi,,,,,,,,,
Muscat,Kochi,,,,,,,,,
Muscat,Lucknow,,,,,,,,,
Muscat,Lucknow,,,,,,,,,
Muscat,Lucknow,,,,,,,,,
Muscat,Male,,,,,,,,,
Muscat,Mumbai,,,,,,,,,
Muscat,Mumbai,,,,,,,,,
Muscat,Mumbai,,,,,,,,,
Muscat,Nagpur,,,,,,,,,
Muscat,Nagpur,,,,,,,,,
Muscat,Patna,,,,,,,,,
Muscat,Ranchi,,,,,,,,,
Muscat,Srinagar,,,,,,,,,
Muscat,Varanasi,,,,,,,,,
Muscat,Varanasi,,,,,,,,,
Nagpur,Abu Dhabi,,,,,,,,,
Nagpur,Abu Dhabi,,,,,,,,,
Nagpur,Abu Dhabi,,,,,,,,,
Nagpur,Ahmedabad,,,,,,,,,
Nagpur,Ahmedabad,,,,,,,,,
Nagpur,Ahmedabad,,,,,,,,,
Nagpur,Ahmedabad,,,,,,,,,
Nagpur,Ahmedabad,,,,,,,,,
Nagpur,Ahmedabad,,,,,,,,,
Nagpur,Ahmedabad,,,,,,,,,
Nagpur,Ahmedabad,,,,,,,,,
Nagpur,Ahmedabad,,,,,,,,,
Nagpur,Ahmedabad,,,,,,,,,
Nagpur,Ahmedabad,,,,,,,,,
Nagpur,Ahmedabad,,,,,,,,,
Nagpur,Amritsar,,,,,,,,,
Nagpur,Amritsar,,,,,,,,,
Nagpur,Amritsar,,,,,,,,,
Nagpur,Amritsar,,,,,,,,,
Nagpur,Amritsar,,,,,,,,,
Nagpur,Bagdogra,,,,,,,,,
Nagpur,Bagdogra,,,,,,,,,
Nagpur,Bangkok,,,,,,,,,
Nagpur,Bengaluru,,,,,,,,,
Nagpur,Bengaluru,,,,,,,,,
Nagpur,Bengaluru,,,,,,,,,
Nagpur,Bengaluru,,,,,,,,,
Nagpur,Bengaluru,,,,,,,,,
Nagpur,Bengaluru,,,,,,,,,
Nagpur,Bengaluru,,,,,,,,,
Nagpur,Bengaluru,,,,,,,,,
Nagpur,Bengaluru,,,,,,,,,
Nagpur,Bengaluru,,,,,,,,,
Nagpur,Chandigarh,,,,,,,,,
Nagpur,Chandigarh,,,,,,,,,
Nagpur,Chandigarh,,,,,,,,,
Nagpur,Chandigarh,,,,,,,,,
Nagpur,Chennai,,,,,,,,,
Nagpur,Chennai,,,,,,,,,
Nagpur,Chennai,,,,,,,,,
Nagpur,Dehra Dun,,,,,,,,,
Nagpur,Dehra Dun,,,,,,,,,
Nagpur,Dehra Dun,,,,,,,,,
Nagpur,Delhi,,,,,,,,,
Nagpur,Delhi,,,,,,,,,
Nagpur,Goa,,,,,,,,,
Nagpur,Goa,,,,,,,,,
Nagpur,Goa,,,,,,,,,
Nagpur,Goa,,,,,,,,,
Nagpur,Goa,,,,,,,,,
Nagpur,Goa,,,,,,,,,
Nagpur,Goa,,,,,,,,,
Nagpur,Goa,,,,,,,,,
Nagpur,Goa,,,,,,,,,
Nagpur,Goa,,,,,,,,,
Nagpur,Goa-New Goa,,,,,,,,,
Nagpur,Goa-New Goa,,,,,,,,,
Nagpur,Guwahati,,,,,,,,,
Nagpur,Guwahati,,,,,,,,,
Nagpur,Hyderabad,,,,,,,,,
Nagpur,Hyderabad,,,,,,,,,
Nagpur,Jaipur,,,,,,,,,
Nagpur,Jaipur,,,,,,,,,
Nagpur,Jaipur,,,,,,,,,
Nagpur,Jammu,,,,,,,,,
Nagpur,Jammu,,,,,,,,,
Nagpur,Jammu,,,,,,,,,
Nagpur,Kannur,,,,,,,,,
Nagpur,Kochi,,,,,,,,,
Nagpur,Kochi,,,,,,,,,
Nagpur,Kochi,,,,,,,,,
Nagpur,Kolkata,,,,,,,,,
Nagpur,Kolkata,,,,,,,,,
Nagpur,Lucknow,,,,,,,,,
Nagpur,Lucknow,,,,,,,,,
Nagpur,Lucknow,,,,,,,,,
Nagpur,Lucknow,,,,,,,,,
Nagpur,Lucknow,,,,,,,,,
Nagpur,Male,,,,,,,,,
Nagpur,Male,,,,,,,,,
Nagpur,Mumbai,,,,,,,,,
Nagpur,Mumbai,,,,,,,,,
Nagpur,Muscat,,,,,,,,,
Nagpur,Patna,,,,,,,,,
Nagpur,Patna,,,,,,,,,
Nagpur,Patna,,,,,,,,,
Nagpur,Patna,,,,,,,,,
Nagpur,Phuket,,,,,,,,,
Nagpur,Port Blair,,,,,,,,,
Nagpur,Pune,,,,,,,,,
Nagpur,Pune,,,,,,,,,
Nagpur,Ranchi,,,,,,,,,
Nagpur,Ranchi,,,,,,,,,
Nagpur,Ranchi,,,,,,,,,
Nagpur,Ranchi,,,,,,,,,
Nagpur,Ranchi,,,,,,,,,
Nagpur,Ranchi,,,,,,,,,
Nagpur,Ranchi,,,,,,,,,
Nagpur,Ranchi,,,,,,,,,
Nagpur,Srinagar,,,,,,,,,
Nagpur,Srinagar,,,,,,,,,
Nagpur,Srinagar,,,,,,,,,
Nagpur,Srinagar,,,,,,,,,
Nagpur,Srinagar,,,,,,,,,
Nagpur,Srinagar,,,,,,,,,
Nagpur,Srinagar,,,,,,,,,
Nagpur,Srinagar,,,,,,,,,
Nagpur,Srinagar,,,,,,,,,
Nagpur,Varanasi,,,,,,,,,
Nagpur,Varanasi,,,,,,,,,
Nagpur,Varanasi,,,,,,,,,
Patna,Abu Dhabi,,,,,,,,,
Patna,Abu Dhabi,,,,,,,,,
Patna,Ahmedabad,,,,,,,,,
Patna,Ahmedabad,,,,,,,,,
Patna,Ahmedabad,,,,,,,,,
Patna,Ahmedabad,,,,,,,,,
Patna,Ahmedabad,,,,,,,,,
Patna,Ahmedabad,,,,,,,,,
Patna,Ahmedabad,,,,,,,,,
Patna,Ahmedabad,,,,,,,,,
Patna,Ahmedabad,,,,,,,,,
Patna,Amritsar,,,,,,,,,
Patna,Bagdogra,,,,,,,,,
Patna,Bagdogra,,,,,,,,,
Patna,Bangkok,,,,,,,,,
Patna,Bangkok,,,,,,,,,
Patna,Bengaluru,,,,,,,,,
Patna,Bengaluru,,,,,,,,,
Patna,Bengaluru,,,,,,,,,
Patna,Bengaluru,,,,,,,,,
Patna,Bengaluru,,,,,,,,,
Patna,Bengaluru,,,,,,,,,
Patna,Bengaluru,,,,,,,,,
Patna,Bengaluru,,,,,,,,,
Patna,Chennai,,,,,,,,,
Patna,Delhi,,,,,,,,,
Patna,Delhi,,,,,,,,,
Patna,Delhi,,,,,,,,,
Patna,Delhi,,,,,,,,,
Patna,Delhi,,,,,,,,,
Patna,Delhi,,,,,,,,,
Patna,Goa,,,,,,,,,
Patna,Goa,,,,,,,,,
Patna,Goa,,,,,,,,,
Patna,Goa,,,,,,,,,
Patna,Goa,,,,,,,,,
Patna,Hyderabad,,,,,,,,,
Patna,Hyderabad,,,,,,,,,
Patna,Jaipur,,,,,,,,,
Patna,Jaipur,,,,,,,,,
Patna,Kochi,,,,,,,,,
Patna,Kolkata,,,,,,,,,
Patna,Kolkata,,,,,,,,,
Patna,Kolkata,,,,,,,,,
Patna,Kuwait,,,,,,,,,
Patna,Leh,,,,,,,,,
Patna,Leh,,,,,,,,,
Patna,Leh,,,,,,,,,
Patna,Leh,,,,,,,,,
Patna,Leh,,,,,,,,,
Patna,Leh,,,,,,,,,
Patna,Leh,,,,,,,,,
Patna,Leh,,,,,,,,,
Patna,Leh,,,,,,,,,
Patna,Lucknow,,,,,,,,,
Patna,Lucknow,,,,,,,,,
Patna,Male,,,,,,,,,
Patna,Male,,,,,,,,,
Patna,Mumbai,,,,,,,,,
Patna,Mumbai,,,,,,,,,
Patna,Mumbai,,,,,,,,,
Patna,Mumbai,,,,,,,,,
Patna,Mumbai,,,,,,,,,
Patna,Mumbai,,,,,,,,,
Patna,Mumbai,,,,,,,,,
Patna,Mumbai,,,,,,,,,
Patna,Mumbai,,,,,,,,,
Patna,Mumbai,,,,,,,,,
Patna,Mumbai,,,,,,,,,
Patna,Mumbai,,,,,,,,,
Patna,Mumbai,,,,,,,,,
Patna,Mumbai,,,,,,,,,
Patna,Mumbai,,,,,,,,,
Patna,Mumbai,,,,,,,,,
Patna,Mumbai,,,,,,,,,
Patna,Muscat,,,,,,,,,
Patna,Nagpur,,,,,,,,,
Patna,Nagpur,,,,,,,,,
Patna,Nagpur,,,,,,,,,
Patna,Phuket,,,,,,,,,
Patna,Phuket,,,,,,,,,
Patna,Phuket,,,,,,,,,
Patna,Pune,,,,,,,,,
Patna,Pune,,,,,,,,,
Patna,Pune,,,,,,,,,
Patna,Pune,,,,,,,,,
Patna,Pune,,,,,,,,,
Patna,Pune,,,,,,,,,
Patna,Srinagar,,,,,,,,,
Patna,Srinagar,,,,,,,,,
Patna,Srinagar,,,,,,,,,
Patna,Varanasi,,,,,,,,,
Patna,Varanasi,,,,,,,,,
Phuket,Abu Dhabi,,,,,,,,,
Phuket,Ahmedabad,,,,,,,,,
Phuket,Ahmedabad,,,,,,,,,
Phuket,Ahmedabad,,,,,,,,,
Phuket,Ahmedabad,,,,,,,,,
Phuket,Ahmedabad,,,,,,,,,
Phuket,Ahmedabad,,,,,,,,,
Phuket,Amritsar,,,,,,,,,
Phuket,Bengaluru,,,,,,,,,
Phuket,Bengaluru,,,,,,,,,
Phuket,Bengaluru,,,,,,,,,
Phuket,Bengaluru,,,,,,,,,
Phuket,Bengaluru,,,,,,,,,
Phuket,Bengaluru,,,,,,,,,
Phuket,Chennai,,,,,,,,,
Phuket,Delhi,,,,,,,,,
Phuket,Delhi,,,,,,,,,
Phuket,Delhi,,,,,,,,,
Phuket,Delhi,,,,,,,,,
Phuket,Delhi,,,,,,,,,
Phuket,Delhi,,,,,,,,,
Phuket,Goa,,,,,,,,,
Phuket,Goa,,,,,,,,,
Phuket,Goa,,,,,,,,,
Phuket,Hyderabad,,,,,,,,,
Phuket,Jaipur,,,,,,,,,
Phuket,Kochi,,,,,,,,,
Phuket,Kolkata,,,,,,,,,
Phuket,Kolkata,,,,,,,,,
Phuket,Kolkata,,,,,,,,,
Phuket,Lucknow,,,,,,,,,
Phuket,Lucknow,,,,,,,,,
Phuket,Mumbai,,,,,,,,,
Phuket,Mumbai,,,,,,,,,
Phuket,Mumbai,,,,,,,,,
Phuket,Mumbai,,,,,,,,,
Phuket,Mumbai,,,,,,,,,
Phuket,Mumbai,,,,,,,,,
Phuket,Mumbai,,,,,,,,,
Phuket,Mumbai,,,,,,,,,
Phuket,Mumbai,,,,,,,,,
Phuket,Muscat,,,,,,,,,
Phuket,Nagpur,,,,,,,,,
Phuket,Nagpur,,,,,,,,,
Phuket,Nagpur,,,,,,,,,
Phuket,Pune,,,,,,,,,
Port Blair,Ahmedabad,,,,,,,,,
Port Blair,Ahmedabad,,,,,,,,,
Port Blair,Bengaluru,,,,,,,,,
Port Blair,Bengaluru,,,,,,,,,
Port Blair,Chennai,,,,,,,,,
Port Blair,Chennai,,,,,,,,,
Port Blair,Delhi,,,,,,,,,
Port Blair,Delhi,,,,,,,,,
Port Blair,Delhi,,,,,,,,,
Port Blair,Kolkata,,,,,,,,,
Port Blair,Mumbai,,,,,,,,,
Port Blair,Mumbai,,,,,,,,,
Port Blair,Mumbai,,,,,,,,,
Port Blair,Mumbai,,,,,,,,,
Port Blair,Nagpur,,,,,,,,,
Pune,Abu Dhabi,,,,,,,,,
Pune,Abu Dhabi,,,,,,,,,
Pune,Ahmedabad,,,,,,,,,
Pune,Bagdogra,,,,,,,,,
Pune,Bagdogra,,,,,,,,,
Pune,Bagdogra,,,,,,,,,
Pune,Bagdogra,,,,,,,,,
Pune,Bangkok,,,,,,,,,
Pune,Bangkok,,,,,,,,,
Pune,Bengaluru,,,,,,,,,
Pune,Bengaluru,,,,,,,,,
Pune,Chandigarh,,,,,,,,,
Pune,Delhi,,,,,,,,,
Pune,Delhi,,,,,,,,,
Pune,Delhi,,,,,,,,,
Pune,Delhi,,,,,,,,,
Pune,Delhi,,,,,,,,,
Pune,Delhi,,,,,,,,,
Pune,Goa,,,,,,,,,
Pune,Goa,,,,,,,,,
Pune,Goa,,,,,,,,,
Pune,Goa,,,,,,,,,
Pune,Guwahati,,,,,,,,,
Pune,Hyderabad,,,,,,,,,
Pune,Hyderabad,,,,,,,,,
Pune,Jaipur,,,,,,,,,
Pune,Jammu,,,,,,,,,
Pune,Kochi,,,,,,,,,
Pune,Kolkata,,,,,,,,,
Pune,Kolkata,,,,,,,,,
Pune,Kolkata,,,,,,,,,
Pune,Kolkata,,,,,,,,,
Pune,Leh,,,,,,,,,
Pune,Leh,,,,,,,,,
Pune,Leh,,,,,,,,,
Pune,Leh,,,,,,,,,
Pune,Leh,,,,,,,,,
Pune,Leh,,,,,,,,,
Pune,Leh,,,,,,,,,
Pune,Leh,,,,,,,,,
Pune,Leh,,,,,,,,,
Pune,Leh,,,,,,,,,
Pune,Leh,,,,,,,,,
Pune,Leh,,,,,,,,,
Pune,Lucknow,,,,,,,,,
Pune,Lucknow,,,,,,,,,
Pune,Male,,,,,,,,,
Pune,Male,,,,,,,,,
Pune,Male,,,,,,,,,
Pune,Male,,,,,,,,,
Pune,Mumbai,,,,,,,,,
Pune,Mumbai,,,,,,,,,
Pune,Mumbai,,,,,,,,,
Pune,Mumbai,,,,,,,,,
Pune,Mumbai,,,,,,,,,
Pune,Mumbai,,,,,,,,,
Pune,Mumbai,,,,,,,,,
Pune,Mumbai,,,,,,,,,
Pune,Mumbai,,,,,,,,,
Pune,Mumbai,,,,,,,,,
Pune,Mumbai,,,,,,,,,
Pune,Mumbai,,,,,,,,,
Pune,Mumbai,,,,,,,,,
Pune,Mumbai,,,,,,,,,
Pune,Mumbai,,,,,,,,,
Pune,Mumbai,,,,,,,,,
Pune,Mumbai,,,,,,,,,
Pune,Mumbai,,,,,,,,,
Pune,Mumbai,,,,,,,,,
Pune,Mumbai,,,,,,,,,
Pune,Mumbai,,,,,,,,,
Pune,Nagpur,,,,,,,,,
Pune,Nagpur,,,,,,,,,
Pune,Nagpur,,,,,,,,,
Pune,Patna,,,,,,,,,
Pune,Patna,,,,,,,,,
Pune,Patna,,,,,,,,,
Pune,Patna,,,,,,,,,
Pune,Phuket,,,,,,,,,
Pune,Phuket,,,,,,,,,
Pune,Phuket,,,,,,,,,
Pune,Port Blair,,,,,,,,,
Pune,Ranchi,,,,,,,,,
Pune,Ranchi,,,,,,,,,
Pune,Ranchi,,,,,,,,,
Pune,Ranchi,,,,,,,,,
Pune,Ranchi,,,,,,,,,
Pune,Srinagar,,,,,,,,,
Pune,Srinagar,,,,,,,,,
Pune,Srinagar,,,,,,,,,
Pune,Srinagar,,,,,,,,,
Pune,Srinagar,,,,,,,,,
Pune,Srinagar,,,,,,,,,
Pune,Srinagar,,,,,,,,,
Pune,Srinagar,,,,,,,,,
Pune,Srinagar,,,,,,,,,
Pune,Srinagar,,,,,,,,,
Pune,Srinagar,,,,,,,,,
Pune,Srinagar,,,,,,,,,
Pune,Srinagar,,,,,,,,,
Pune,Varanasi,,,,,,,,,
Pune,Varanasi,,,,,,,,,
Pune,Varanasi,,,,,,,,,
Pune,Varanasi,,,,,,,,,
Ranchi,Ahmedabad,,,,,,,,,
Ranchi,Ahmedabad,,,,,,,,,
Ranchi,Ahmedabad,,,,,,,,,
Ranchi,Ahmedabad,,,,,,,,,
Ranchi,Ahmedabad,,,,,,,,,
Ranchi,Ahmedabad,,,,,,,,,
Ranchi,Ahmedabad,,,,,,,,,
Ranchi,Amritsar,,,,,,,,,
Ranchi,Amritsar,,,,,,,,,
Ranchi,Bagdogra,,,,,,,,,
Ranchi,Bagdogra,,,,,,,,,
Ranchi,Bangkok,,,,,,,,,
Ranchi,Bangkok,,,,,,,,,
Ranchi,Bangkok,,,,,,,,,
Ranchi,Bengaluru,,,,,,,,,
Ranchi,Bengaluru,,,,,,,,,
Ranchi,Bengaluru,,,,,,,,,
Ranchi,Bengaluru,,,,,,,,,
Ranchi,Bengaluru,,,,,,,,,
Ranchi,Chandigarh,,,,,,,,,
Ranchi,Chennai,,,,,,,,,
Ranchi,Chennai,,,,,,,,,
Ranchi,Delhi,,,,,,,,,
Ranchi,Delhi,,,,,,,,,
Ranchi,Delhi,,,,,,,,,
Ranchi,Delhi,,,,,,,,,
Ranchi,Delhi,,,,,,,,,
Ranchi,Delhi,,,,,,,,,
Ranchi,Delhi,,,,,,,,,
Ranchi,Delhi,,,,,,,,,
Ranchi,Goa,,,,,,,,,
Ranchi,Goa,,,,,,,,,
Ranchi,Goa,,,,,,,,,
Ranchi,Goa,,,,,,,,,
Ranchi,Goa-New Goa,,,,,,,,,
Ranchi,Goa-New Goa,,,,,,,,,
Ranchi,Hyderabad,,,,,,,,,
Ranchi,Jaipur,,,,,,,,,
Ranchi,Jaipur,,,,,,,,,
Ranchi,Kochi,,,,,,,,,
Ranchi,Kolkata,,,,,,,,,
Ranchi,Kolkata,,,,,,,,,
Ranchi,Kolkata,,,,,,,,,
Ranchi,Leh,,,,,,,,,
Ranchi,Leh,,,,,,,,,
Ranchi,Leh,,,,,,,,,
Ranchi,Leh,,,,,,,,,
Ranchi,Leh,,,,,,,,,
Ranchi,Leh,,,,,,,,,
Ranchi,Lucknow,,,,,,,,,
Ranchi,Lucknow,,,,,,,,,
Ranchi,Male,,,,,,,,,
Ranchi,Male,,,,,,,,,
Ranchi,Mumbai,,,,,,,,,
Ranchi,Mumbai,,,,,,,,,
Ranchi,Mumbai,,,,,,,,,
Ranchi,Mumbai,,,,,,,,,
Ranchi,Mumbai,,,,,,,,,
Ranchi,Mumbai,,,,,,,,,
Ranchi,Mumbai,,,,,,,,,
Ranchi,Mumbai,,,,,,,,,
Ranchi,Mumbai,,,,,,,,,
Ranchi,Mumbai,,,,,,,,,
Ranchi,Mumbai,,,,,,,,,
Ranchi,Mumbai,,,,,,,,,
Ranchi,Mumbai,,,,,,,,,
Ranchi,Mumbai,,,,,,,,,
Ranchi,Nagpur,,,,,,,,,
Ranchi,Nagpur,,,,,,,,,
Ranchi,Nagpur,,,,,,,,,
Ranchi,Nagpur,,,,,,,,,
Ranchi,Phuket,,,,,,,,,
Ranchi,Phuket,,,,,,,,,
Ranchi,Phuket,,,,,,,,,
Ranchi,Phuket,,,,,,,,,
Ranchi,Phuket,,,,,,,,,
Ranchi,Pune,,,,,,,,,
Ranchi,Pune,,,,,,,,,
Ranchi,Pune,,,,,,,,,
Ranchi,Pune,,,,,,,,,
Ranchi,Srinagar,,,,,,,,,
Ranchi,Srinagar,,,,,,,,,
Ranchi,Srinagar,,,,,,,,,
Srinagar,Abu Dhabi,,,,,,,,,
Srinagar,Abu Dhabi,,,,,,,,,
Srinagar,Abu Dhabi,,,,,,,,,
Srinagar,Ahmedabad,,,,,,,,,
Srinagar,Ahmedabad,,,,,,,,,
Srinagar,Ahmedabad,,,,,,,,,
Srinagar,Ahmedabad,,,,,,,,,
Srinagar,Ahmedabad,,,,,,,,,
Srinagar,Ahmedabad,,,,,,,,,
Srinagar,Ahmedabad,,,,,,,,,
Srinagar,Ahmedabad,,,,,,,,,
Srinagar,Ahmedabad,,,,,,,,,
Srinagar,Ahmedabad,,,,,,,,,
Srinagar,Ahmedabad,,,,,,,,,
Srinagar,Ahmedabad,,,,,,,,,
Srinagar,Ahmedabad,,,,,,,,,
Srinagar,Ahmedabad,,,,,,,,,
Srinagar,Ahmedabad,,,,,,,,,
Srinagar,Ahmedabad,,,,,,,,,
Srinagar,Ahmedabad,,,,,,,,,
Srinagar,Ahmedabad,,,,,,,,,
Srinagar,Ahmedabad,,,,,,,,,
Srinagar,Ahmedabad,,,,,,,,,
Srinagar,Ahmedabad,,,,,,,,,
Srinagar,Ahmedabad,,,,,,,,,
Srinagar,Amritsar,,,,,,,,,
Srinagar,Amritsar,,,,,,,,,
Srinagar,Bagdogra,,,,,,,,,
Srinagar,Bagdogra,,,,,,,,,
Srinagar,Bagdogra,,,,,,,,,
Srinagar,Bagdogra,,,,,,,,,
Srinagar,Bagdogra,,,,,,,,,
Srinagar,Bangkok,,,,,,,,,
Srinagar,Bangkok,,,,,,,,,
Srinagar,Bangkok,,,,,,,,,
Srinagar,Bangkok,,,,,,,,,
Srinagar,Bangkok,,,,,,,,,
Srinagar,Bangkok,,,,,,,,,
Srinagar,Bangkok,,,,,,,,,
Srinagar,Bengaluru,,,,,,,,,
Srinagar,Bengaluru,,,,,,,,,
Srinagar,Bengaluru,,,,,,,,,
Srinagar,Bengaluru,,,,,,,,,
Srinagar,Bengaluru,,,,,,,,,
Srinagar,Bengaluru,,,,,,,,,
Srinagar,Bengaluru,,,,,,,,,
Srinagar,Bengaluru,,,,,,,,,
Srinagar,Bengaluru,,,,,,,,,
Srinagar,Bengaluru,,,,,,,,,
Srinagar,Chandigarh,,,,,,,,,
Srinagar,Chandigarh,,,,,,,,,
Srinagar,Chandigarh,,,,,,,,,
Srinagar,Chennai,,,,,,,,,
Srinagar,Delhi,,,,,,,,,
Srinagar,Delhi,,,,,,,,,
Srinagar,Delhi,,,,,,,,,
Srinagar,Delhi,,,,,,,,,
Srinagar,Delhi,,,,,,,,,
Srinagar,Delhi,,,,,,,,,
Srinagar,Delhi,,,,,,,,,
Srinagar,Delhi,,,,,,,,,
Srinagar,Delhi,,,,,,,,,
Srinagar,Delhi,,,,,,,,,
Srinagar,Delhi,,,,,,,,,
Srinagar,Goa,,,,,,,,,
Srinagar,Goa,,,,,,,,,
Srinagar,Goa,,,,,,,,,
Srinagar,Goa,,,,,,,,,
Srinagar,Goa,,,,,,,,,
Srinagar,Goa,,,,,,,,,
Srinagar,Goa,,,,,,,,,
Srinagar,Goa,,,,,,,,,
Srinagar,Goa,,,,,,,,,
Srinagar,Guwahati,,,,,,,,,
Srinagar,Hyderabad,,,,,,,,,
Srinagar,Hyderabad,,,,,,,,,
Srinagar,Hyderabad,,,,,,,,,
Srinagar,Jaipur,,,,,,,,,
Srinagar,Jaipur,,,,,,,,,
Srinagar,Jaipur,,,,,,,,,
Srinagar,Jaipur,,,,,,,,,
Srinagar,Jaipur,,,,,,,,,
Srinagar,Jaipur,,,,,,,,,
Srinagar,Jammu,,,,,,,,,
Srinagar,Kolkata,,,,,,,,,
Srinagar,Kolkata,,,,,,,,,
Srinagar,Kolkata,,,,,,,,,
Srinagar,Kolkata,,,,,,,,,
Srinagar,Kolkata,,,,,,,,,
Srinagar,Kuwait,,,,,,,,,
Srinagar,Leh,,,,,,,,,
Srinagar,Leh,,,,,,,,,
Srinagar,Leh,,,,,,,,,
Srinagar,Leh,,,,,,,,,
Srinagar,Leh,,,,,,,,,
Srinagar,Leh,,,,,,,,,
Srinagar,Leh,,,,,,,,,
Srinagar,Leh,,,,,,,,,
Srinagar,Leh,,,,,,,,,
Srinagar,Lucknow,,,,,,,,,
Srinagar,Lucknow,,,,,,,,,
Srinagar,Lucknow,,,,,,,,,
Srinagar,Lucknow,,,,,,,,,
Srinagar,Lucknow,,,,,,,,,
Srinagar,Lucknow,,,,,,,,,
Srinagar,Lucknow,,,,,,,,,
Srinagar,Male,,,,,,,,,
Srinagar,Mumbai,,,,,,,,,
Srinagar,Mumbai,,,,,,,,,
Srinagar,Mumbai,,,,,,,,,
Srinagar,Mumbai,,,,,,,,,
Srinagar,Mumbai,,,,,,,,,
Srinagar,Mumbai,,,,,,,,,
Srinagar,Mumbai,,,,,,,,,
Srinagar,Mumbai,,,,,,,,,
Srinagar,Mumbai,,,,,,,,,
Srinagar,Mumbai,,,,,,,,,
Srinagar,Mumbai,,,,,,,,,
Srinagar,Mumbai,,,,,,,,,
Srinagar,Mumbai,,,,,,,,,
Srinagar,Mumbai,,,,,,,,,
Srinagar,Mumbai,,,,,,,,,
Srinagar,Mumbai,,,,,,,,,
Srinagar,Mumbai,,,,,,,,,
Srinagar,Mumbai,,,,,,,,,
Srinagar,Mumbai,,,,,,,,,
Srinagar,Mumbai,,,,,,,,,
Srinagar,Mumbai,,,,,,,,,
Srinagar,Mumbai,,,,,,,,,
Srinagar,Mumbai,,,,,,,,,
Srinagar,Mumbai,,,,,,,,,
Srinagar,Mumbai,,,,,,,,,
Srinagar,Mumbai,,,,,,,,,
Srinagar,Mumbai,,,,,,,,,
Srinagar,Mumbai,,,,,,,,,
Srinagar,Muscat,,,,,,,,,
Srinagar,Muscat,,,,,,,,,
Srinagar,Nagpur,,,,,,,,,
Srinagar,Nagpur,,,,,,,,,
Srinagar,Nagpur,,,,,,,,,
Srinagar,Patna,,,,,,,,,
Srinagar,Patna,,,,,,,,,
Srinagar,Patna,,,,,,,,,
Srinagar,Phuket,,,,,,,,,
Srinagar,Phuket,,,,,,,,,
Srinagar,Phuket,,,,,,,,,
Srinagar,Phuket,,,,,,,,,
Srinagar,Phuket,,,,,,,,,
Srinagar,Phuket,,,,,,,,,
Srinagar,Phuket,,,,,,,,,
Srinagar,Pune,,,,,,,,,
Srinagar,Pune,,,,,,,,,
Srinagar,Pune,,,,,,,,,
Srinagar,Pune,,,,,,,,,
Srinagar,Pune,,,,,,,,,
Srinagar,Pune,,,,,,,,,
Srinagar,Pune,,,,,,,,,
Srinagar,Pune,,,,,,,,,
Srinagar,Pune,,,,,,,,,
Srinagar,Pune,,,,,,,,,
Srinagar,Ranchi,,,,,,,,,
Srinagar,Ranchi,,,,,,,,,
Srinagar,Ranchi,,,,,,,,,
Srinagar,Ranchi,,,,,,,,,
Thoise,Delhi,,,,,,,,,
Varanasi,Abu Dhabi,,,,,,,,,
Varanasi,Abu Dhabi,,,,,,,,,
Varanasi,Ahmedabad,,,,,,,,,
Varanasi,Ahmedabad,,,,,,,,,
Varanasi,Ahmedabad,,,,,,,,,
Varanasi,Ahmedabad,,,,,,,,,
Varanasi,Ahmedabad,,,,,,,,,
Varanasi,Ahmedabad,,,,,,,,,
Varanasi,Ahmedabad,,,,,,,,,
Varanasi,Ahmedabad,,,,,,,,,
Varanasi,Ahmedabad,,,,,,,,,
Varanasi,Ahmedabad,,,,,,,,,
Varanasi,Amritsar,,,,,,,,,
Varanasi,Amritsar,,,,,,,,,
Varanasi,Amritsar,,,,,,,,,
Varanasi,Bagdogra,,,,,,,,,
Varanasi,Bangkok,,,,,,,,,
Varanasi,Bangkok,,,,,,,,,
Varanasi,Bengaluru,,,,,,,,,
Varanasi,Bengaluru,,,,,,,,,
Varanasi,Bengaluru,,,,,,,,,
Varanasi,Bengaluru,,,,,,,,,
Varanasi,Bengaluru,,,,,,,,,
Varanasi,Bengaluru,,,,,,,,,
Varanasi,Bengaluru,,,,,,,,,
Varanasi,Bengaluru,,,,,,,,,
Varanasi,Bengaluru,,,,,,,,,
Varanasi,Chandigarh,,,,,,,,,
Varanasi,Chandigarh,,,,,,,,,
Varanasi,Chennai,,,,,,,,,
Varanasi,Delhi,,,,,,,,,
Varanasi,Goa,,,,,,,,,
Varanasi,Goa,,,,,,,,,
Varanasi,Goa,,,,,,,,,
Varanasi,Goa,,,,,,,,,
Varanasi,Goa,,,,,,,,,
Varanasi,Goa,,,,,,,,,
Varanasi,Goa,,,,,,,,,
Varanasi,Goa,,,,,,,,,
Varanasi,Jaipur,,,,,,,,,
Varanasi,Jaipur,,,,,,,,,
Varanasi,Jaipur,,,,,,,,,
Varanasi,Kannur,,,,,,,,,
Varanasi,Kochi,,,,,,,,,
Varanasi,Kochi,,,,,,,,,
Varanasi,Kochi,,,,,,,,,
Varanasi,Kolkata,,,,,,,,,
Varanasi,Kolkata,,,,,,,,,
Varanasi,Kolkata,,,,,,,,,
Varanasi,Kolkata,,,,,,,,,
Varanasi,Kuwait,,,,,,,,,
Varanasi,Leh,,,,,,,,,
Varanasi,Leh,,,,,,,,,
Varanasi,Leh,,,,,,,,,
Varanasi,Leh,,,,,,,,,
Varanasi,Lucknow,,,,,,,,,
Varanasi,Lucknow,,,,,,,,,
Varanasi,Lucknow,,,,,,,,,
Varanasi,Lucknow,,,,,,,,,
Varanasi,Male,,,,,,,,,
Varanasi,Mumbai,,,,,,,,,
Varanasi,Mumbai,,,,,,,,,
Varanasi,Mumbai,,,,,,,,,
Varanasi,Mumbai,,,,,,,,,
Varanasi,Mumbai,,,,,,,,,
Varanasi,Mumbai,,,,,,,,,
Varanasi,Mumbai,,,,,,,,,
Varanasi,Mumbai,,,,,,,,,
Varanasi,Mumbai,,,,,,,,,
Varanasi,Mumbai,,,,,,,,,
Varanasi,Mumbai,,,,,,,,,
Varanasi,Mumbai,,,,,,,,,
Varanasi,Mumbai,,,,,,,,,
Varanasi,Muscat,,,,,,,,,
Varanasi,Muscat,,,,,,,,,
Varanasi,Nagpur,,,,,,,,,
Varanasi,Nagpur,,,,,,,,,
Varanasi,Nagpur,,,,,,,,,
Varanasi,Nagpur,,,,,,,,,
Varanasi,Phuket,,,,,,,,,
Varanasi,Phuket,,,,,,,,,
Varanasi,Pune,,,,,,,,,
Varanasi,Pune,,,,,,,,,
Varanasi,Pune,,,,,,,,,
Varanasi,Pune,,,,,,,,,
Varanasi,Ranchi,,,,,,,,,
Varanasi,Srinagar,,,,,,,,,
Varanasi,Srinagar,,,,,,,,,
Varanasi,Srinagar,,,,,,,,,
